sequence,class
"['A', 'A', 'W', 'K', 'W', 'A', 'W', 'A', 'K', 'K', 'W', 'A', 'K', 'A', 'K', 'K', 'W', 'A', 'K', 'A', 'A']",1
"['A', 'I', 'G', 'K', 'F', 'L', 'H', 'S', 'A', 'K', 'K', 'F', 'G', 'K', 'A', 'F', 'V', 'G', 'E', 'I', 'M', 'N', 'S']",1
"['A', 'W', 'K', 'K', 'W', 'A', 'K', 'A', 'W', 'K', 'W', 'A', 'K', 'A', 'K', 'W', 'W', 'A', 'K', 'A', 'A']",1
"['E', 'S', 'F', 'S', 'D', 'W', 'W', 'K', 'L', 'L', 'A', 'E']",1
"['E', 'T', 'F', 'A', 'D', 'W', 'W', 'K', 'L', 'L', 'A', 'E']",1
"['E', 'T', 'F', 'S', 'D', 'W', 'W', 'K', 'L', 'L', 'A', 'E']",1
"['F', 'A', 'K', 'A', 'L', 'A', 'K', 'L', 'A', 'K', 'K', 'L', 'L']",1
"['F', 'A', 'K', 'A', 'L', 'K', 'A', 'L', 'L', 'K', 'A', 'L', 'K', 'A', 'L']",0
"['F', 'A', 'K', 'F', 'L', 'A', 'K', 'F', 'L', 'K', 'K', 'A', 'L']",1
"['F', 'A', 'K', 'I', 'I', 'A', 'K', 'I', 'A', 'K', 'I', 'A', 'K', 'K', 'I', 'L']",0
"['F', 'A', 'K', 'K', 'A', 'L', 'K', 'A', 'L', 'K', 'K', 'L']",0
"['F', 'A', 'K', 'K', 'F', 'A', 'K', 'K', 'F', 'K', 'K', 'F', 'A', 'K', 'K', 'F', 'A', 'K', 'F', 'A', 'F', 'A', 'F']",1
"['F', 'A', 'K', 'K', 'L', 'A', 'K', 'K', 'L', 'A', 'K', 'A', 'A', 'L']",0
"['F', 'A', 'K', 'K', 'L', 'A', 'K', 'K', 'L', 'A', 'K', 'A', 'L']",0
"['F', 'A', 'K', 'K', 'L', 'A', 'K', 'K', 'L', 'A', 'K', 'L', 'A', 'L']",0
"['F', 'A', 'K', 'K', 'L', 'A', 'K', 'K', 'L', 'A', 'K', 'L', 'L']",1
"['F', 'A', 'K', 'K', 'L', 'A', 'K', 'K', 'L', 'K', 'K', 'L', 'A', 'K', 'K', 'L', 'A', 'K']",0
"['F', 'A', 'K', 'K', 'L', 'A', 'K', 'K', 'L', 'K', 'K', 'L', 'A', 'K', 'K', 'L', 'A', 'K', 'K', 'W', 'K', 'L']",1
"['F', 'A', 'K', 'K', 'L', 'A', 'K', 'K', 'L', 'K', 'K', 'L', 'A', 'K', 'K', 'L', 'A', 'K', 'L', 'A', 'K', 'K', 'L']",1
"['F', 'A', 'K', 'K', 'L', 'A', 'K', 'K', 'L', 'K', 'K', 'L', 'A', 'K', 'K', 'L', 'A', 'K', 'L', 'A', 'L', 'A', 'L', 'K', 'A', 'L', 'A', 'L', 'K', 'A', 'L']",1
"['F', 'A', 'K', 'K', 'L', 'A', 'K', 'K', 'L', 'K', 'K', 'L', 'A', 'K', 'K', 'L', 'I', 'G', 'A', 'V', 'L', 'K', 'V']",1
"['F', 'A', 'K', 'K', 'L', 'A', 'K', 'K', 'L', 'K', 'K', 'L', 'A', 'K', 'L', 'A', 'L', 'A', 'K']",1
"['F', 'A', 'K', 'K', 'L', 'A', 'K', 'K', 'L', 'K', 'K', 'L', 'A', 'K', 'L', 'A', 'L', 'A', 'L']",0
"['F', 'A', 'K', 'K', 'L', 'A', 'K', 'K', 'L', 'L']",1
"['F', 'A', 'K', 'K', 'L', 'A', 'K', 'L', 'A', 'K', 'K', 'A', 'L', 'A', 'L']",0
"['F', 'A', 'K', 'K', 'L', 'A', 'K', 'L', 'A', 'K', 'K', 'L']",0
"['F', 'A', 'K', 'K', 'L', 'A', 'K', 'L', 'A', 'K', 'K', 'L', 'A', 'K', 'L', 'A', 'L']",1
"['F', 'A', 'K', 'K', 'L', 'A', 'K', 'L', 'A', 'K', 'K', 'L', 'A', 'K', 'L', 'A', 'L', 'A', 'L']",1
"['F', 'A', 'K', 'K', 'L', 'A', 'K', 'L', 'A', 'K', 'K', 'L', 'L', 'A', 'L']",1
"['F', 'A', 'K', 'K', 'L', 'A', 'K', 'L', 'A', 'L', 'K', 'L', 'A', 'K', 'L']",0
"['F', 'A', 'K', 'K', 'L', 'K', 'K', 'L', 'A', 'K', 'K', 'L']",0
"['F', 'A', 'K', 'K', 'L', 'K', 'K', 'L', 'A', 'K', 'L', 'A', 'K', 'K', 'L']",0
"['F', 'A', 'K', 'K', 'L', 'L', 'A', 'K', 'A', 'L', 'K', 'L']",0
"['F', 'A', 'K', 'L', 'A']",0
"['F', 'A', 'K', 'L', 'A', 'K', 'K', 'A', 'L', 'A', 'K', 'L', 'L']",0
"['F', 'A', 'K', 'L', 'F', 'A', 'K', 'L', 'A', 'K', 'K', 'F', 'A', 'L']",0
"['F', 'A', 'K', 'L', 'L', 'A', 'K', 'A', 'F', 'K', 'K', 'A', 'L']",0
"['F', 'A', 'K', 'L', 'L', 'A', 'K', 'A', 'L', 'K', 'K', 'A', 'L']",1
"['F', 'A', 'K', 'L', 'L', 'A', 'K', 'A', 'L', 'K', 'K', 'F', 'A', 'L']",1
"['F', 'A', 'K', 'L', 'L', 'A', 'K', 'A', 'L', 'K', 'K', 'F', 'L']",1
"['F', 'A', 'K', 'L', 'L', 'A', 'K', 'A', 'L', 'K', 'K', 'L']",1
"['F', 'A', 'K', 'L', 'L', 'A', 'K', 'A', 'L', 'K', 'K', 'L', 'L']",1
"['F', 'A', 'K', 'L', 'L', 'A', 'K', 'A', 'L', 'K', 'L', 'K', 'L']",0
"['F', 'A', 'K', 'L', 'L', 'A', 'K', 'F', 'L', 'K', 'K', 'A', 'L']",0
"['F', 'A', 'K', 'L', 'L', 'A', 'K', 'L', 'A', 'K']",0
"['F', 'A', 'K', 'L', 'L', 'A', 'K', 'L', 'A', 'K', 'A', 'K', 'L']",0
"['F', 'A', 'K', 'L', 'L', 'A', 'K', 'L', 'A', 'K', 'K', 'A', 'L']",1
"['F', 'A', 'K', 'L', 'L', 'A', 'K', 'L', 'A', 'K', 'K', 'F', 'A', 'L']",0
"['F', 'A', 'K', 'L', 'L', 'A', 'K', 'L', 'A', 'K', 'K', 'G', 'L']",0
"['F', 'A', 'K', 'L', 'L', 'A', 'K', 'L', 'A', 'K', 'K', 'I', 'L']",0
"['F', 'A', 'K', 'L', 'L', 'A', 'K', 'L', 'A', 'K', 'K', 'L']",1
"['F', 'A', 'K', 'L', 'L', 'A', 'K', 'L', 'A', 'K', 'K', 'L', 'L']",1
"['F', 'A', 'K', 'L', 'L', 'A', 'K', 'L', 'A', 'K', 'K', 'S', 'L']",0
"['F', 'A', 'K', 'L', 'L', 'A', 'K', 'L', 'A', 'K', 'K', 'V', 'L']",1
"['F', 'A', 'K', 'L', 'L', 'A', 'K', 'L', 'A', 'K', 'L', 'K', 'L']",0
"['F', 'A', 'K', 'L', 'L', 'A', 'L', 'A', 'L', 'K', 'L', 'K', 'L']",1
"['F', 'A', 'K', 'L', 'L', 'F', 'K', 'A', 'L', 'K', 'K', 'A', 'L']",0
"['F', 'A', 'K', 'L', 'L', 'K', 'L', 'A', 'A', 'K', 'K', 'L', 'L']",0
"['F', 'A', 'K', 'L', 'W', 'A', 'K', 'L', 'A', 'F', 'G', 'K', 'G', 'I', 'G', 'K', 'V', 'G', 'K', 'K', 'L', 'L']",1
"['F', 'A', 'K', 'L', 'W', 'A', 'K', 'L', 'A', 'K', 'K', 'L']",0
"['F', 'A', 'L', 'A', 'A', 'K', 'A', 'L', 'K', 'K', 'L', 'A', 'K', 'K', 'L', 'K', 'K', 'L', 'A', 'K', 'K', 'A', 'L']",1
"['F', 'A', 'L', 'A', 'K', 'K', 'A', 'L', 'K', 'K', 'A', 'K', 'K', 'A', 'L']",0
"['F', 'A', 'L', 'A', 'K', 'L', 'A', 'K', 'K', 'A', 'K', 'A', 'K', 'L', 'K', 'K', 'A', 'L', 'K', 'A', 'L']",1
"['F', 'A', 'L', 'A', 'L', 'K', 'A']",0
"['F', 'A', 'L', 'A', 'L', 'K', 'A', 'L', 'K', 'K']",0
"['F', 'A', 'L', 'A', 'L', 'K', 'A', 'L', 'K', 'K', 'A', 'L']",0
"['F', 'A', 'L', 'A', 'L', 'K', 'A', 'L', 'K', 'K', 'A', 'L', 'K', 'K', 'L', 'K', 'K', 'A', 'L', 'K', 'K', 'A', 'L']",1
"['F', 'A', 'L', 'A', 'L', 'K', 'A', 'L', 'K', 'K', 'L']",0
"['F', 'A', 'L', 'A', 'L', 'K', 'A', 'L', 'K', 'K', 'L', 'A', 'K', 'K', 'L', 'K', 'K', 'L', 'A', 'K', 'K', 'A', 'L']",1
"['F', 'A', 'L', 'A', 'L', 'K', 'A', 'L', 'K', 'K', 'L', 'K', 'K', 'A', 'L', 'K', 'K', 'A', 'L']",1
"['F', 'A', 'L', 'A', 'L', 'K', 'A', 'L', 'K', 'K', 'L', 'L', 'K', 'K', 'L', 'K', 'K', 'L', 'A', 'K', 'K', 'A', 'L']",1
"['F', 'A', 'L', 'A', 'L', 'K', 'K', 'A', 'L', 'K', 'A', 'L', 'K', 'K', 'A', 'L']",1
"['F', 'A', 'L', 'A', 'L', 'K', 'L', 'A', 'K', 'K', 'A', 'L']",0
"['F', 'A', 'L', 'A', 'L', 'K', 'L', 'A', 'K', 'K', 'L']",0
"['F', 'A', 'L', 'A', 'L', 'K', 'L', 'K', 'K', 'L']",0
"['F', 'A', 'L', 'K', 'A', 'L', 'K', 'K', 'A', 'L']",0
"['F', 'A', 'L', 'K', 'A', 'L', 'K', 'K', 'L', 'K', 'K', 'A', 'L', 'K', 'K', 'A', 'L']",1
"['F', 'A', 'L', 'L', 'K', 'A', 'L', 'K', 'K', 'A', 'L']",0
"['F', 'A', 'L', 'L', 'K', 'A', 'L', 'L', 'K', 'K', 'A', 'L']",0
"['F', 'A', 'L', 'L', 'K', 'L']",0
"['F', 'A', 'V', 'G', 'L', 'R', 'A', 'I', 'K', 'R', 'A', 'L', 'K', 'K', 'L', 'R', 'R', 'G', 'V', 'R', 'K', 'V', 'A', 'K', 'D', 'L']",0
"['F', 'K', 'L', 'A', 'F', 'K', 'L', 'A', 'K', 'K', 'A', 'F', 'L']",0
"['F', 'K', 'L', 'F', 'K', 'K', 'I', 'P', 'K', 'F', 'L', 'H', 'L', 'A', 'K', 'K', 'F']",1
"['F', 'K', 'R', 'L', 'A', 'K', 'I', 'K', 'V', 'L', 'R', 'L', 'A', 'K', 'I', 'K', 'R']",0
"['F', 'K', 'V', 'K', 'F', 'K', 'V', 'K', 'V', 'K']",0
"['F', 'L', 'G', 'A', 'L', 'F', 'K', 'A', 'L', 'S', 'K', 'L', 'L']",1
"['F', 'L', 'G', 'M', 'I', 'P', 'G', 'L', 'I', 'G', 'G', 'L', 'I', 'S', 'A', 'F', 'K']",1
"['F', 'L', 'G', 'M', 'I', 'P', 'K', 'L', 'I', 'K', 'K', 'L', 'I', 'K', 'A', 'F', 'K']",1
"['F', 'L', 'K', 'L', 'L', 'A', 'G', 'L', 'L', 'K', 'N', 'F', 'A']",1
"['F', 'L', 'K', 'L', 'L', 'K', 'K', 'L', 'A', 'A', 'K', 'F', 'L', 'P', 'T', 'I', 'I', 'C', 'K', 'I', 'S', 'Y', 'K', 'C']",1
"['F', 'L', 'K', 'L', 'L', 'K', 'K', 'L', 'A', 'A', 'K', 'L', 'F']",1
"['F', 'L', 'S', 'L', 'I', 'P', 'K', 'L', 'V', 'K', 'K', 'I', 'I', 'K', 'A', 'F', 'K']",1
"['G', 'I', 'G', 'A', 'V', 'L', 'K', 'V', 'L', 'T', 'T', 'G', 'L', 'P', 'A', 'L', 'I', 'S', 'W', 'I', 'K', 'R', 'K', 'R', 'Q', 'Q']",1
"['G', 'I', 'G', 'K', 'F', 'L', 'H', 'A', 'A', 'K', 'K', 'F', 'A', 'K', 'A', 'F', 'V', 'A', 'E', 'I', 'M', 'N', 'S']",1
"['G', 'I', 'G', 'K', 'F', 'L', 'H', 'S', 'A', 'K', 'K', 'F', 'A', 'K', 'A', 'F', 'V', 'A', 'E', 'I', 'M', 'N', 'S']",1
"['G', 'I', 'G', 'K', 'F', 'L', 'K', 'K', 'A', 'K', 'K', 'F', 'G', 'K', 'A', 'F', 'V', 'K', 'I', 'L', 'K', 'K']",1
"['G', 'L', 'F', 'A', 'V', 'I', 'K', 'K', 'V', 'A', 'A', 'V', 'I', 'K', 'K', 'L']",1
"['G', 'L', 'F', 'A', 'V', 'I', 'K', 'K', 'V', 'A', 'A', 'V', 'I', 'R', 'R', 'L']",1
"['G', 'L', 'F', 'A', 'V', 'I', 'K', 'K', 'V', 'A', 'K', 'V', 'I', 'K', 'K', 'L']",1
"['G', 'L', 'F', 'A', 'V', 'I', 'K', 'K', 'V', 'A', 'S', 'V', 'I', 'G', 'G', 'L']",1
"['G', 'L', 'F', 'A', 'V', 'I', 'K', 'K', 'V', 'A', 'S', 'V', 'I', 'K', 'G', 'L']",1
"['G', 'L', 'F', 'A', 'V', 'I', 'K', 'K', 'V', 'A', 'S', 'V', 'I', 'K', 'K', 'L']",1
"['G', 'L', 'F', 'D', 'I', 'A', 'K', 'K', 'V', 'I', 'G', 'V', 'I', 'G', 'S', 'L']",1
"['G', 'L', 'F', 'D', 'I', 'I', 'K', 'K', 'I', 'A', 'E', 'S', 'F']",1
"['G', 'L', 'F', 'D', 'I', 'V', 'K', 'K', 'I', 'A', 'G', 'H', 'I', 'A', 'G', 'S', 'I']",0
"['G', 'L', 'F', 'D', 'I', 'V', 'K', 'K', 'I', 'A', 'G', 'H', 'I', 'A', 'S', 'S', 'I']",1
"['G', 'L', 'F', 'D', 'I', 'V', 'K', 'K', 'I', 'A', 'G', 'H', 'I', 'V', 'S', 'S', 'I']",1
"['G', 'L', 'F', 'D', 'I', 'V', 'K', 'K', 'V', 'V', 'G', 'A', 'F', 'G', 'S', 'L']",1
"['G', 'L', 'F', 'D', 'V', 'I', 'A', 'K', 'V', 'A', 'S', 'V', 'I', 'K', 'K', 'L']",1
"['G', 'L', 'F', 'D', 'V', 'I', 'K', 'A', 'V', 'A', 'S', 'V', 'I', 'G', 'G', 'L']",1
"['G', 'L', 'F', 'D', 'V', 'I', 'K', 'K', 'V', 'A', 'A', 'V', 'I', 'G', 'G', 'L']",1
"['G', 'L', 'F', 'D', 'V', 'I', 'K', 'K', 'V', 'A', 'S', 'V', 'I', 'G', 'G', 'L']",1
"['G', 'L', 'F', 'D', 'V', 'I', 'K', 'K', 'V', 'A', 'S', 'V', 'I', 'K', 'G', 'L']",1
"['G', 'L', 'F', 'D', 'V', 'I', 'K', 'K', 'V', 'A', 'S', 'V', 'I', 'K', 'K', 'L']",1
"['G', 'L', 'F', 'K', 'V', 'I', 'K', 'K', 'V', 'A', 'K', 'V', 'I', 'K', 'K', 'L']",1
"['G', 'L', 'F', 'K', 'V', 'I', 'K', 'K', 'V', 'A', 'S', 'V', 'I', 'G', 'G', 'L']",1
"['G', 'L', 'W', 'S', 'K', 'I', 'K', 'E', 'V', 'G', 'K', 'E', 'A', 'A', 'K', 'A', 'A', 'A', 'K', 'A', 'A', 'G', 'K', 'A', 'A', 'L', 'G', 'A', 'V', 'S', 'E', 'A', 'V']",1
"['I', 'L', 'P', 'W', 'K', 'W', 'P', 'W', 'W', 'P', 'W', 'R', 'R']",1
"['K', 'A', 'A', 'K', 'K', 'A', 'W', 'K', 'A', 'A', 'K', 'K', 'A', 'A', 'K', 'W', 'W', 'K', 'K', 'A', 'A']",0
"['K', 'A', 'A', 'K', 'K', 'A', 'W', 'K', 'A', 'A', 'K', 'K', 'A', 'W', 'K', 'A', 'A', 'K', 'K', 'A', 'A']",1
"['K', 'A', 'A', 'K', 'K', 'A', 'W', 'K', 'A', 'W', 'K', 'K', 'A', 'A', 'K', 'A', 'A', 'W', 'K', 'K', 'A', 'A']",0
"['K', 'A', 'A', 'K', 'K', 'A', 'W', 'K', 'W', 'A', 'K', 'K', 'A', 'A', 'K', 'W', 'A', 'K', 'K', 'A', 'A']",1
"['K', 'A', 'A', 'K', 'K', 'W', 'A', 'K', 'A', 'A', 'K', 'K', 'W', 'A', 'K', 'A', 'W', 'K', 'K', 'A', 'A']",0
"['K', 'A', 'A', 'K', 'K', 'W', 'A', 'K', 'A', 'W', 'K', 'K', 'A', 'A', 'K', 'A', 'W', 'K', 'K', 'A', 'A']",0
"['K', 'I', 'A', 'K', 'V', 'A', 'L', 'A', 'K', 'L', 'G', 'I', 'G', 'A', 'V', 'L', 'K', 'V', 'L', 'T', 'T', 'G', 'L']",0
"['K', 'K', 'K', 'F', 'P', 'W', 'W', 'W', 'P', 'F', 'K', 'K', 'K']",1
"['K', 'K', 'K', 'F', 'P', 'W', 'W', 'W', 'P', 'F', 'K', 'K', 'K', 'C', 'K', 'K', 'K', 'F', 'P', 'W', 'W', 'W', 'P', 'F', 'K', 'K', 'K', 'C']",1
"['K', 'K', 'K', 'F', 'P', 'W', 'W', 'W', 'P', 'F', 'K', 'K', 'K', 'K', 'K', 'K', 'F', 'P', 'W', 'W', 'W', 'P', 'F', 'K', 'K', 'K', 'K']",1
"['K', 'K', 'V', 'V', 'F', 'K', 'V', 'K', 'F', 'K']",0
"['K', 'L', 'A', 'K', 'K', 'L', 'A', 'K', 'L', 'A', 'K', 'L', 'A', 'K', 'A', 'L']",1
"['K', 'L', 'A', 'L', 'K', 'L', 'A', 'L', 'K', 'A', 'L', 'K', 'A', 'A', 'K', 'L', 'A']",0
"['K', 'L', 'L', 'K', 'L', 'L', 'L', 'K', 'L', 'Y', 'K', 'K', 'L', 'L', 'K', 'L', 'L']",0
"['K', 'L', 'l', 'L', 'K', 'l', 'L', 'k', 'k', 'L', 'L', 'K', 'l', 'L', 'K', 'K', 'K']",1
"['K', 'Q', 'L', 'I', 'R', 'F', 'L', 'K', 'R', 'L', 'D', 'R', 'N', 'G', 'G', 'G', 'K', 'L', 'l', 'L', 'K', 'l', 'L', 'k', 'k', 'L', 'L', 'K', 'l', 'L', 'K', 'K', 'K']",1
"['K', 'T', 'K', 'L', 'F', 'K', 'K', 'F', 'A', 'K', 'K', 'L', 'A', 'K', 'K', 'L', 'K', 'K', 'L', 'A', 'K', 'K', 'L']",1
"['K', 'W', 'F', 'K', 'K', 'I', 'P', 'K', 'F', 'L', 'H', 'L', 'A', 'K', 'K', 'F']",1
"['K', 'W', 'K', 'F', 'K', 'K', 'I', 'P', 'K', 'F', 'L', 'H', 'L', 'A', 'K', 'K', 'F']",1
"['K', 'W', 'K', 'L', 'A', 'K', 'K', 'A', 'L', 'A', 'L', 'L']",1
"['K', 'W', 'K', 'L', 'F']",0
"['K', 'W', 'K', 'L', 'F', 'K', 'K', 'A', 'L', 'K', 'K', 'L', 'K', 'K', 'A', 'L', 'K', 'K', 'A', 'L']",1
"['K', 'W', 'K', 'L', 'F', 'K', 'K', 'I', 'G', 'A', 'V', 'L', 'K', 'V', 'L']",1
"['K', 'W', 'K', 'L', 'F', 'K', 'K', 'I', 'G', 'I', 'G', 'K', 'F', 'L', 'H', 'S', 'A', 'K', 'K', 'F']",1
"['K', 'W', 'K', 'L', 'F', 'K', 'K', 'I', 'K', 'F', 'L', 'H', 'S', 'A', 'K', 'K', 'F']",0
"['K', 'W', 'K', 'L', 'F', 'K', 'K', 'I', 'L', 'K', 'F', 'L', 'H', 'L', 'A', 'K', 'K', 'F']",1
"['K', 'W', 'K', 'L', 'F', 'K', 'K', 'I', 'P', 'F', 'L', 'H', 'L', 'A', 'K', 'K', 'F']",1
"['K', 'W', 'K', 'L', 'F', 'K', 'K', 'I', 'P', 'H', 'L', 'A', 'K', 'K', 'F']",0
"['K', 'W', 'K', 'L', 'F', 'K', 'K', 'I', 'P', 'K', 'F', 'L', 'H']",0
"['K', 'W', 'K', 'L', 'F', 'K', 'K', 'I', 'P', 'K', 'F', 'L', 'H', 'L']",0
"['K', 'W', 'K', 'L', 'F', 'K', 'K', 'I', 'P', 'K', 'F', 'L', 'H', 'L', 'A']",1
"['K', 'W', 'K', 'L', 'F', 'K', 'K', 'I', 'P', 'K', 'F', 'L', 'H', 'L', 'A', 'K']",0
"['K', 'W', 'K', 'L', 'F', 'K', 'K', 'I', 'P', 'K', 'F', 'L', 'H', 'L', 'A', 'K', 'K']",1
"['K', 'W', 'K', 'L', 'F', 'K', 'K', 'I', 'P', 'K', 'F', 'L', 'H', 'S', 'A', 'K', 'K', 'F']",1
"['K', 'W', 'K', 'L', 'F', 'K', 'K', 'I', 'P', 'L', 'A', 'K', 'K', 'F']",0
"['K', 'W', 'K', 'L', 'F', 'K', 'K', 'I', 'P', 'L', 'H', 'L', 'A', 'K', 'K', 'F']",0
"['K', 'W', 'K', 'L', 'F', 'K', 'K', 'I', 'P', 'L', 'K', 'K', 'F']",0
"['K', 'W', 'K', 'L', 'F', 'K', 'K', 'I', 'S', 'K', 'F', 'L', 'H', 'L', 'A', 'K', 'K', 'F']",1
"['K', 'W', 'K', 'L', 'F', 'K', 'K', 'K', 'T', 'K', 'L', 'F', 'K', 'K', 'F', 'A', 'K', 'K', 'L', 'A', 'K', 'K', 'L']",0
"['K', 'W', 'K', 'S', 'F', 'A', 'K', 'T', 'F', 'K', 'S', 'A', 'K', 'K', 'T', 'V', 'L', 'H', 'T', 'A', 'L', 'K', 'A', 'I', 'S', 'S']",0
"['K', 'W', 'K', 'S', 'F', 'L', 'K', 'T', 'F', 'K', 'S', 'A', 'K', 'K', 'T', 'V', 'A', 'H', 'T', 'A', 'A', 'K', 'A', 'I', 'S', 'S']",0
"['K', 'W', 'K', 'S', 'F', 'L', 'K', 'T', 'F', 'K', 'S', 'A', 'K', 'K', 'T', 'V', 'L', 'H', 'T', 'A', 'L', 'K', 'A', 'I', 'S', 'S']",1
"['K', 'W', 'K', 'S', 'F', 'L', 'K', 'T', 'F', 'K', 'S', 'A', 'K', 'K', 'T', 'V', 'L', 'H', 'T', 'L', 'L', 'K', 'A', 'I', 'S', 'S']",1
"['K', 'W', 'K', 'S', 'F', 'L', 'K', 'T', 'F', 'K', 'S', 'L', 'K', 'K', 'T', 'V', 'L', 'H', 'T', 'A', 'L', 'K', 'A', 'I', 'S', 'S']",1
"['K', 'W', 'K', 'S', 'F', 'L', 'K', 'T', 'F', 'K', 'S', 'L', 'K', 'K', 'T', 'V', 'L', 'H', 'T', 'L', 'L', 'K', 'A', 'I', 'S', 'S']",1
"['K', 'W', 'K', 'S', 'F', 'L', 'K', 'T', 'F', 'K', 'S', 'L', 'K', 'K', 'T', 'V', 'L', 'H', 'T', 'L', 'L', 'K', 'L', 'I', 'S', 'S']",1
"['K', 'W', 'K', 'V', 'F', 'K', 'K', 'I', 'E', 'K', 'M', 'G', 'R', 'N', 'I', 'R', 'N', 'G', 'I', 'V', 'K', 'A', 'G', 'P', 'A', 'I', 'A', 'V', 'L', 'G', 'E', 'A', 'K', 'A', 'L']",1
"['K', 'W', 'L', 'R', 'R', 'V', 'W', 'R', 'W', 'W', 'R']",0
"['K', 'W', 'W', 'K', 'K', 'A', 'A', 'K', 'A', 'A', 'K', 'K', 'A', 'A', 'K', 'A', 'A', 'K', 'K', 'W', 'A']",1
"['K', 'Y', 'K', 'K', 'A', 'L', 'K', 'K', 'L', 'A', 'K', 'L', 'L']",0
"['L', 'K', 'K', 'L', 'A', 'K', 'L', 'A', 'L', 'A', 'F']",0
"['L', 'L', 'G', 'D', 'F', 'F', 'R', 'K', 'S', 'K', 'E', 'K', 'I', 'G', 'K', 'E', 'F', 'K', 'R', 'I', 'V', 'Q', 'R', 'I', 'K', 'D', 'F', 'L', 'R', 'N', 'L', 'V', 'P', 'R', 'T', 'E', 'S']",1
"['L', 'P', 'K', 'W', 'K', 'V', 'F', 'K', 'K', 'I', 'E', 'K', 'V', 'G', 'R', 'N', 'I', 'R', 'N', 'G', 'I', 'V', 'K', 'A', 'G', 'P', 'A', 'I', 'A', 'V', 'L', 'G', 'E', 'A', 'K', 'A', 'L', 'G']",1
"['L', 'T', 'F', 'S', 'D', 'W', 'W', 'K', 'L', 'L', 'A', 'E']",1
"['M', 'P', 'K', 'W', 'K', 'V', 'F', 'K', 'K', 'I', 'E', 'K', 'V', 'G', 'R', 'N', 'I', 'R', 'N', 'G', 'I', 'V', 'K', 'A', 'G', 'P', 'A', 'I', 'A', 'V', 'L', 'G', 'E', 'A', 'K', 'A', 'L', 'G']",0
"['M', 'P', 'R', 'W', 'R', 'L', 'F', 'R', 'R', 'I', 'D', 'R', 'V', 'G', 'K', 'Q', 'I', 'K', 'Q', 'G', 'I', 'L', 'R', 'A', 'G', 'P', 'A', 'I', 'A', 'L', 'V', 'G', 'D', 'A', 'R', 'A', 'V', 'G']",0
"['M', 'R', 'K', 'W', 'F', 'H', 'N', 'V', 'L', 'S', 'S', 'G', 'Q', 'L', 'L', 'A', 'D', 'K', 'W', 'P', 'A', 'W', 'D', 'Y', 'N', 'R', 'K']",1
"['M', 'W', 'K', 'E', 'F', 'H', 'N', 'V', 'L', 'S', 'S', 'G', 'Q', 'L', 'L', 'A', 'D', 'K', 'R', 'W', 'A', 'R', 'W', 'Y', 'N', 'R', 'W']",1
"['M', 'W', 'K', 'W', 'F', 'H', 'N', 'V', 'L', 'S', 'S', 'W', 'Q', 'L', 'L', 'A', 'D', 'K', 'R', 'P', 'A', 'R', 'D', 'Y', 'N', 'R', 'K']",0
"['M', 'W', 'K', 'W', 'F', 'H', 'N', 'V', 'L', 'S', 'W', 'W', 'W', 'L', 'L', 'A', 'D', 'K', 'R', 'P', 'A', 'R', 'D', 'Y', 'N', 'R', 'K']",1
"['R', 'A', 'G', 'L', 'Q', 'F', 'P', 'V', 'G', 'R', 'L', 'L', 'R', 'R', 'L', 'L', 'R', 'R', 'L', 'L', 'R']",1
"['R', 'R', 'R', 'R', 'R', 'N', 'W', 'M', 'W', 'C']",1
"['R', 'R', 'R', 'R', 'R', 'W', 'C', 'M', 'N', 'W']",1
"['V', 'A', 'K', 'F', 'L', 'A', 'K', 'F', 'L', 'K', 'K', 'A', 'L']",0
"['V', 'A', 'K', 'K', 'F', 'A', 'K', 'K', 'F', 'K', 'K', 'F', 'A', 'K', 'K', 'F', 'A', 'K', 'F', 'A', 'F', 'A', 'F']",0
"['V', 'A', 'K', 'K', 'L', 'A', 'K', 'L', 'A', 'K', 'K', 'L', 'A', 'K', 'L', 'A', 'L']",1
"['V', 'A', 'K', 'K', 'L', 'A', 'K', 'L', 'A', 'K', 'K', 'L', 'A', 'K', 'L', 'A', 'L', 'A', 'L']",0
"['V', 'A', 'K', 'K', 'L', 'A', 'K', 'L', 'A', 'K', 'K', 'L', 'L', 'A', 'L']",0
"['V', 'A', 'K', 'L', 'L', 'A', 'K', 'A', 'L', 'K', 'K', 'L', 'L']",1
"['V', 'A', 'K', 'L', 'L', 'A', 'K', 'L', 'A', 'K', 'K', 'L', 'L']",1
"['V', 'A', 'K', 'L', 'L', 'A', 'K', 'L', 'A', 'K', 'K', 'V', 'L']",0
"['V', 'A', 'L', 'A', 'L', 'K', 'A', 'L', 'K', 'K', 'A', 'L', 'K', 'K', 'L', 'K', 'K', 'A', 'L', 'K', 'K', 'A', 'L']",0
"['V', 'A', 'L', 'A', 'L', 'K', 'A', 'L', 'K', 'K', 'L']",0
"['V', 'A', 'L', 'A', 'L', 'K', 'A', 'L', 'K', 'K', 'L', 'A', 'K', 'K', 'L', 'K', 'K', 'L', 'A', 'K', 'K', 'A', 'L']",1
"['V', 'R', 'R', 'F', 'P', 'W', 'W', 'W', 'P', 'F', 'L', 'R', 'R']",0
"['W', 'A', 'L', 'A', 'L']",0
"['W', 'F', 'K', 'K', 'I', 'P', 'K', 'F', 'L', 'H', 'L', 'A', 'K', 'K', 'F']",1
"['W', 'F', 'K', 'K', 'I', 'P', 'K', 'F', 'L', 'H', 'L', 'L', 'K', 'K', 'F']",1
"['W', 'K', 'K', 'I', 'P', 'K', 'F', 'L', 'H', 'L', 'A', 'K', 'K', 'F']",0
"['W', 'K', 'K', 'I', 'P', 'K', 'F', 'L', 'H', 'L', 'L', 'K', 'K', 'F']",1
"['W', 'K', 'L', 'F', 'K', 'K', 'I', 'P', 'K', 'F', 'L', 'H', 'L', 'A', 'K', 'K', 'F']",1
"['A', 'A', 'D', 'I', 'F', 'S', 'K', 'F', 'K', 'K', 'D', 'M', 'E', 'V', 'K', 'F', 'A']",0
"['A', 'A', 'Q', 'K', 'D', 'N', 'V', 'K', 'S', 'S', 'W', 'A', 'K', 'A', 'S', 'A']",0
"['A', 'A', 'S', 'Q', 'R', 'K', 'L', 'I', 'A', 'E', 'K', 'F', 'A', 'Q', 'A', 'L', 'M', 'S', 'S', 'L']",0
"['A', 'A', 'Y', 'A', 'T', 'L', 'Y', 'E', 'A', 'L', 'V', 'L', 'V', 'A', 'T', 'L', 'A', 'A', 'P']",0
"['A', 'E', 'A', 'H', 'E', 'S', 'I', 'R', 'L', 'V', 'F', 'H', 'D', 'S']",0
"['A', 'E', 'G', 'E', 'R', 'E', 'A', 'R', 'V', 'F', 'T', 'L', 'W', 'L', 'N', 'S', 'L']",0
"['A', 'E', 'G', 'V', 'A', 'T', 'A', 'D', 'P', 'L', 'M', 'R', 'L', 'A', 'K', 'Q', 'L', 'K']",0
"['A', 'E', 'H', 'A', 'K', 'V', 'L', 'M', 'D', 'S', 'L', 'T', 'G', 'V', 'W', 'D', 'N', 'F', 'L', 'T']",0
"['A', 'E', 'H', 'L', 'A', 'K', 'A', 'E', 'L', 'T', 'T', 'V', 'F', 'S', 'T', 'L', 'Y', 'Q', 'K', 'F']",0
"['A', 'E', 'K', 'A', 'K', 'Y', 'D', 'E', 'I', 'F', 'L', 'K', 'T']",0
"['A', 'F', 'F', 'T', 'I', 'A', 'A', 'V', 'A', 'R', 'V', 'L', 'D']",0
"['A', 'F', 'R', 'H', 'S', 'V', 'K', 'E', 'E', 'L', 'N', 'Y', 'I', 'R', 'R', 'R', 'L', 'E', 'R', 'F', 'P', 'N', 'R', 'L']",0
"['A', 'G', 'D', 'V', 'L', 'H', 'N', 'V', 'L', 'Q', 'M', 'L', 'I', 'I', 'E', 'S', 'H', 'S']",0
"['A', 'G', 'E', 'M', 'V', 'R', 'Q', 'A', 'R', 'I', 'L', 'A', 'Q', 'A', 'T', 'S', 'D', 'L', 'V', 'N', 'A', 'I', 'K', 'A', 'D', 'A']",0
"['A', 'G', 'N', 'L', 'D', 'I', 'M', 'T', 'S', 'A', 'A', 'L', 'A', 'T', 'A', 'E', 'R', 'M', 'A', 'Q', 'S', 'M', 'L', 'N']",0
"['A', 'H', 'A', 'I', 'G', 'V', 'L', 'L', 'D', 'N', 'L']",0
"['A', 'I', 'E', 'K', 'E', 'I', 'L', 'I', 'E', 'A', 'I', 'S', 'S']",0
"['A', 'K', 'Q', 'E', 'K', 'I', 'I', 'I', 'Q', 'V', 'A', 'L', 'N', 'D', 'I', 'T', 'H', 'V', 'V', 'E', 'L', 'L']",0
"['A', 'K', 'V', 'V', 'R', 'T', 'A', 'L', 'E', 'D', 'A', 'A', 'S', 'V', 'A', 'G', 'L', 'L', 'I', 'T']",0
"['A', 'L', 'A', 'V', 'A', 'A', 'K', 'P', 'F', 'L']",0
"['A', 'L', 'G', 'K', 'V', 'I', 'K', 'K', 'W', 'G', 'T', 'T', 'V', 'A', 'K', 'L', 'A']",0
"['A', 'L', 'Y', 'G', 'L', 'L', 'K', 'E', 'E', 'M', 'G', 'E', 'I', 'L', 'A', 'K']",0
"['A', 'M', 'F', 'E', 'Q', 'M', 'R', 'A', 'N', 'V', 'G', 'K', 'L', 'L', 'K', 'G']",0
"['A', 'P', 'D', 'A', 'E', 'G', 'R', 'A', 'I', 'Q', 'A', 'V', 'Y', 'W', 'A', 'N', 'K', 'W', 'A', 'K', 'E', 'Q', 'G']",0
"['A', 'P', 'D', 'L', 'L', 'I', 'S', 'L', 'A', 'T', 'V', 'L', 'Y', 'H', 'L', 'Q', 'Q']",0
"['A', 'P', 'E', 'D', 'V', 'R', 'K', 'S', 'S', 'K', 'E', 'V', 'L']",0
"['A', 'P', 'L', 'L', 'N', 'F', 'V', 'R', 'D', 'F', 'V', 'R', 'E', 'D', 'A', 'K', 'Y', 'L', 'Y', 'S', 'S', 'L', 'V']",0
"['A', 'Q', 'T', 'S', 'R', 'W', 'A', 'A', 'M', 'Q', 'I', 'G', 'M', 'S', 'F', 'I', 'S', 'A', 'Y']",0
"['A', 'R', 'D', 'E', 'A', 'E', 'M', 'E', 'Y', 'L', 'K', 'I', 'A', 'Q']",0
"['A', 'S', 'L', 'P', 'E', 'A', 'I', 'E', 'A', 'L', 'T', 'K', 'G']",0
"['A', 'T', 'L', 'K', 'N', 'L', 'G', 'S', 'V', 'H', 'V', 'S', 'K', 'G']",0
"['A', 'V', 'D', 'T', 'L', 'V', 'L', 'A', 'L', 'A', 'E', 'A', 'T']",0
"['D', 'A', 'A', 'A', 'L', 'F', 'R', 'L', 'H', 'K', 'F', 'L', 'T', 'K', 'W']",0
"['D', 'A', 'A', 'G', 'L', 'A', 'S', 'R', 'H', 'K', 'G']",0
"['D', 'A', 'E', 'N', 'R', 'D', 'L', 'F', 'L', 'A', 'L', 'L', 'S', 'V']",0
"['D', 'A', 'H', 'A', 'W', 'M', 'I', 'G', 'Q', 'L', 'K', 'G', 'L']",0
"['D', 'A', 'L', 'E', 'I', 'F', 'K', 'T', 'L', 'F', 'S', 'L', 'V', 'M', 'R', 'F', 'S', 'S', 'Y', 'L']",0
"['D', 'A', 'M', 'L', 'R', 'T', 'S', 'M', 'V', 'A', 'T', 'Q', 'L', 'V', 'G', 'L', 'A', 'M', 'M', 'R', 'Y', 'V']",0
"['D', 'A', 'R', 'A', 'K', 'K', 'L', 'L', 'D', 'K', 'W', 'A', 'K', 'W', 'I', 'N', 'G']",0
"['D', 'A', 'T', 'A', 'A', 'L', 'A', 'L', 'T', 'M', 'A']",0
"['D', 'A', 'T', 'L', 'I', 'S', 'E', 'L', 'Q', 'Q', 'M']",0
"['D', 'D', 'A', 'D', 'L', 'E', 'K', 'F', 'V', 'I', 'E', 'Y']",0
"['D', 'D', 'E', 'T', 'L', 'G', 'V', 'L', 'M', 'W', 'I', 'L', 'D', 'R', 'S', 'I', 'H']",0
"['D', 'D', 'E', 'T', 'R', 'E', 'E', 'L', 'E', 'E', 'L', 'L', 'I', 'Q', 'A']",0
"['D', 'D', 'R', 'V', 'Q', 'S', 'H', 'I', 'L', 'H', 'L', 'E', 'H', 'D', 'L', 'V', 'H', 'V', 'T', 'R', 'K', 'N']",0
"['D', 'D', 'Y', 'L', 'K', 'E', 'Q', 'V', 'L', 'H', 'M', 'K', 'Q', 'Y', 'V', 'S', 'D', 'N']",0
"['D', 'E', 'A', 'A', 'F', 'Q', 'K', 'L', 'M', 'S', 'N', 'L', 'D']",0
"['D', 'E', 'A', 'G', 'L', 'M', 'R', 'E', 'L', 'R', 'L', 'F', 'R', 'R', 'R', 'I', 'M', 'V', 'R', 'I', 'A', 'W', 'A', 'Q', 'T', 'L']",0
"['D', 'E', 'E', 'T', 'M', 'E', 'R', 'I', 'M', 'R', 'E', 'L', 'K', 'K', 'K']",0
"['D', 'E', 'F', 'T', 'K', 'Q', 'H', 'I', 'V', 'G', 'K']",0
"['D', 'E', 'K', 'A', 'F', 'K', 'N', 'T', 'Y', 'R', 'Q', 'A', 'M', 'N', 'D']",0
"['D', 'E', 'K', 'K', 'I', 'L', 'K', 'D', 'F', 'L', 'I', 'Q']",0
"['D', 'E', 'K', 'S', 'I', 'I', 'T', 'Y', 'V', 'S', 'S', 'L', 'Y', 'D', 'A', 'M']",0
"['D', 'E', 'L', 'L', 'S', 'K', 'M', 'R', 'F', 'A', 'L']",0
"['D', 'E', 'P', 'Q', 'V', 'Q', 'A', 'K', 'I', 'M', 'A', 'Y', 'L', 'Q', 'Q', 'E', 'Q', 'S', 'N', 'R']",0
"['D', 'E', 'Q', 'Y', 'R', 'E', 'G', 'A', 'V', 'R', 'T', 'V', 'A', 'S', 'F', 'R', 'E', 'R', 'L', 'D', 'R']",0
"['D', 'E', 'R', 'L', 'L', 'Q', 'K', 'Y', 'R', 'A', 'Q', 'V', 'F', 'E', 'W', 'G']",0
"['D', 'E', 'V', 'L', 'L', 'A', 'L', 'A', 'E', 'Q', 'L', 'G', 'T']",0
"['D', 'F', 'A', 'A', 'L', 'A', 'Q', 'T', 'A', 'H', 'R', 'L', 'K', 'G', 'V', 'F', 'A', 'M', 'L', 'N']",0
"['D', 'F', 'L', 'E', 'E', 'Q', 'Y', 'K', 'G', 'Q', 'R', 'D', 'L', 'A', 'G', 'K', 'A', 'S', 'T', 'L', 'K', 'K']",0
"['D', 'F', 'P', 'A', 'L', 'I', 'K', 'Q', 'A', 'S', 'L', 'D', 'A', 'L', 'F', 'K']",0
"['D', 'F', 'S', 'E', 'T', 'I', 'N', 'A', 'Y', 'F', 'V', 'A', 'K', 'L', 'L']",0
"['D', 'G', 'A', 'L', 'K', 'R', 'A', 'E', 'E', 'L', 'K', 'T', 'Q', 'A', 'N', 'D', 'Y', 'F', 'K']",0
"['D', 'G', 'F', 'S', 'V', 'L', 'M', 'R', 'A', 'M', 'Q', 'Q']",0
"['D', 'G', 'G', 'G', 'F', 'V', 'I', 'S', 'K', 'H', 'P', 'V', 'R', 'L', 'A', 'K', 'K', 'L', 'N', 'R']",0
"['D', 'H', 'A', 'V', 'L', 'E', 'V', 'L', 'A', 'T', 'P', 'V', 'R', 'E', 'A', 'L', 'L', 'A', 'R', 'F', 'G']",0
"['D', 'I', 'F', 'D', 'F', 'M', 'E', 'R', 'W', 'I', 'E', 'K', 'K', 'L', 'E', 'Y', 'S', 'A', 'S', 'H']",0
"['D', 'I', 'H', 'A', 'A', 'I', 'E', 'M', 'L', 'L', 'G']",0
"['D', 'I', 'I', 'G', 'T', 'E', 'I', 'T', 'S', 'A', 'L', 'K', 'N', 'V', 'Y', 'S', 'I', 'A', 'I', 'A', 'W', 'I', 'R', 'G', 'Y', 'E', 'S', 'R', 'K', 'N']",0
"['D', 'I', 'L', 'R', 'E', 'I', 'G', 'M', 'I', 'A', 'R', 'A', 'L', 'D', 'S', 'I', 'S', 'N', 'I', 'E', 'F']",0
"['D', 'I', 'R', 'A', 'V', 'L', 'R', 'D', 'L', 'S', 'F', 'H', 'L', 'N', 'G', 'H', 'I', 'L', 'H', 'S', 'I', 'F', 'W', 'P', 'N', 'M']",0
"['D', 'I', 'R', 'T', 'S', 'L', 'A', 'N', 'D', 'M', 'A', 'I', 'Y', 'G', 'D', 'I', 'I', 'E', 'A', 'T', 'R', 'E', 'H', 'T', 'E', 'L', 'A', 'E', 'N', 'L']",0
"['D', 'I', 'Y', 'Q', 'Q', 'V', 'R', 'D', 'E', 'L', 'K', 'R', 'A', 'S']",0
"['D', 'K', 'E', 'T', 'M', 'N', 'I', 'H', 'H', 'T', 'K']",0
"['D', 'L', 'A', 'A', 'N', 'N', 'G', 'G', 'W', 'Q', 'W', 'S']",0
"['D', 'L', 'A', 'R', 'I', 'E', 'Q', 'F', 'L', 'D', 'A', 'L', 'W', 'L', 'E']",0
"['D', 'L', 'E', 'A', 'K', 'K', 'M', 'Y', 'F', 'D', 'A', 'V', 'Q', 'A', 'I', 'E', 'T', 'H', 'L']",0
"['D', 'L', 'E', 'S', 'D', 'A', 'L', 'G', 'W', 'Q', 'Y', 'I', 'T', 'G']",0
"['D', 'L', 'G', 'R', 'K', 'I', 'T', 'S', 'A', 'L', 'R', 'S', 'L', 'S', 'N']",0
"['D', 'L', 'K', 'Q', 'A', 'E', 'S', 'W', 'L', 'H', 'K', 'Q', 'A', 'Q', 'K', 'E', 'G', 'W', 'S', 'K', 'A', 'A', 'R', 'L', 'H']",0
"['D', 'L', 'K', 'R', 'A', 'E', 'S', 'M', 'L', 'Q', 'Q', 'A']",0
"['D', 'L', 'K', 'T', 'M', 'T', 'E', 'R', 'L', 'R', 'S']",0
"['D', 'L', 'Q', 'L', 'N', 'A', 'N', 'A', 'E', 'R', 'I', 'N', 'V', 'Y', 'Y']",0
"['D', 'L', 'R', 'E', 'L', 'I', 'A', 'R', 'V', 'R', 'A', 'L', 'I', 'R', 'R', 'K', 'S']",0
"['D', 'L', 'S', 'A', 'S', 'R', 'S', 'A', 'I', 'D', 'S', 'L', 'N', 'N', 'R', 'M', 'L', 'S', 'Q', 'I', 'W', 'S', 'H']",0
"['D', 'L', 'V', 'D', 'F', 'A', 'V', 'E', 'Y', 'F', 'T', 'R', 'L', 'R', 'E', 'A', 'R', 'R', 'G', 'L', 'E', 'H', 'H', 'H']",0
"['D', 'M', 'A', 'S', 'L', 'Q', 'Q', 'Q', 'R', 'Q', 'E']",0
"['D', 'M', 'N', 'Q', 'V', 'L', 'D', 'A', 'Y', 'E', 'N']",0
"['D', 'N', 'A', 'M', 'A', 'N', 'Q', 'Y', 'E', 'T', 'L', 'A', 'N', 'A', 'R', 'Q', 'K', 'G', 'I', 'E', 'K', 'Y', 'L']",0
"['D', 'N', 'K', 'T', 'R', 'F', 'K', 'I', 'I', 'K', 'E', 'K', 'L', 'K', 'E', 'F']",0
"['D', 'N', 'T', 'Y', 'L', 'N', 'T', 'A', 'E', 'S', 'L', 'Y', 'D', 'E', 'F']",0
"['D', 'N', 'V', 'V', 'L', 'Q', 'L', 'Q', 'V', 'A', 'R', 'F', 'L', 'M', 'K', 'T', 'V', 'A', 'Q']",0
"['D', 'P', 'A', 'R', 'A', 'L', 'F', 'A', 'A', 'M', 'S', 'Q']",0
"['D', 'P', 'A', 'T', 'V', 'K', 'K', 'V', 'V', 'N', 'F', 'L']",0
"['D', 'P', 'A', 'W', 'Q', 'G', 'F', 'R', 'E', 'L', 'I', 'E', 'K', 'A', 'L']",0
"['D', 'P', 'E', 'K', 'V', 'L', 'F', 'L', 'A', 'G', 'N', 'L', 'L', 'A', 'R', 'L', 'T', 'E']",0
"['D', 'P', 'E', 'T', 'L', 'E', 'A', 'I', 'A', 'E', 'N']",0
"['D', 'P', 'E', 'T', 'N', 'I', 'N', 'I', 'G', 'T', 'S', 'Y', 'L', 'Q', 'Y', 'V', 'Y', 'Q', 'Q', 'F']",0
"['D', 'P', 'K', 'R', 'L', 'Q', 'A', 'S', 'L', 'Q', 'T', 'I', 'V', 'G', 'M', 'V', 'V', 'Y', 'S', 'W']",0
"['D', 'P', 'L', 'R', 'E', 'R', 'Q', 'V', 'A', 'E', 'K', 'Q', 'L', 'A', 'A', 'L', 'G', 'D', 'I', 'L', 'S', 'A']",0
"['D', 'P', 'L', 'W', 'K', 'K', 'E', 'M', 'F', 'E', 'K', 'Y', 'L', 'S', 'N']",0
"['D', 'P', 'Q', 'K', 'A', 'D', 'A', 'V', 'A', 'V', 'N']",0
"['D', 'P', 'Q', 'K', 'R', 'A', 'V', 'V', 'N', 'Q', 'R', 'L', 'Y', 'F', 'D', 'M', 'G', 'T']",0
"['D', 'P', 'T', 'K', 'L', 'N', 'H', 'A', 'V', 'A', 'G', 'L']",0
"['D', 'P', 'Y', 'V', 'I', 'L', 'I', 'T', 'E', 'I', 'L', 'L']",0
"['D', 'Q', 'D', 'K', 'I', 'Q', 'K', 'A', 'I', 'A', 'A', 'G']",0
"['D', 'Q', 'E', 'D', 'V', 'A', 'Q', 'T', 'I', 'R', 'D', 'Y', 'D']",0
"['D', 'Q', 'G', 'T', 'L', 'F', 'E', 'L', 'I', 'L', 'A', 'A', 'N', 'Y', 'L', 'D']",0
"['D', 'Q', 'H', 'L', 'M', 'A', 'E', 'Y', 'R', 'E', 'L', 'P', 'R', 'V', 'F', 'G', 'A', 'V', 'R', 'K', 'H', 'V', 'A', 'N', 'G']",0
"['D', 'Q', 'N', 'G', 'E', 'I', 'Y', 'M', 'W', 'P', 'V', 'A', 'Q', 'A']",0
"['D', 'Q', 'Q', 'G', 'V', 'F', 'V', 'K', 'G', 'Y', 'A', 'M']",0
"['D', 'R', 'A', 'S', 'Y', 'E', 'A', 'R', 'E', 'R', 'H', 'V', 'A', 'E', 'R', 'L', 'L', 'M', 'H', 'L', 'E', 'E', 'M']",0
"['D', 'R', 'A', 'V', 'I', 'E', 'H', 'N', 'L', 'L', 'S', 'A', 'S', 'K', 'L']",0
"['D', 'R', 'Q', 'L', 'R', 'S', 'S', 'I', 'E', 'R', 'V', 'I', 'S', 'I', 'F', 'Q', 'S']",0
"['D', 'R', 'T', 'S', 'F', 'D', 'K', 'L', 'A', 'N', 'S']",0
"['D', 'S', 'E', 'Q', 'V', 'V', 'H', 'Q', 'L', 'E', 'R', 'L', 'I', 'A', 'R']",0
"['D', 'S', 'G', 'Y', 'R', 'S', 'A', 'M', 'S', 'V', 'Q', 'S', 'S', 'L']",0
"['D', 'S', 'M', 'V', 'V', 'L', 'Q', 'Q', 'R', 'A', 'Y', 'E', 'I', 'L', 'M', 'T', 'I', 'M', 'E']",0
"['D', 'S', 'S', 'V', 'I', 'I', 'S', 'A', 'L', 'K', 'T', 'Y', 'L', 'V', 'S', 'G']",0
"['D', 'S', 'V', 'A', 'S', 'L', 'L', 'D', 'V', 'V', 'K', 'S', 'T', 'G']",0
"['D', 'S', 'V', 'T', 'N', 'D', 'I', 'F', 'N', 'V', 'A', 'K', 'A', 'S', 'I', 'E', 'K', 'H', 'I', 'W', 'M', 'L', 'Q', 'A', 'E', 'L']",0
"['D', 'T', 'A', 'F', 'L', 'M', 'E', 'Q', 'L', 'E', 'L', 'R', 'E', 'E', 'L', 'D', 'E', 'I', 'E', 'Q', 'A', 'K']",0
"['D', 'T', 'M', 'K', 'D', 'A', 'G', 'M', 'Q', 'M', 'K', 'K', 'V', 'L', 'D', 'S']",0
"['D', 'T', 'R', 'A', 'W', 'A', 'L', 'A', 'E', 'K', 'L', 'F', 'G']",0
"['D', 'V', 'A', 'L', 'A', 'D', 'S', 'F', 'D', 'A', 'L']",0
"['D', 'V', 'E', 'A', 'V', 'E', 'I', 'M', 'Q', 'R', 'I', 'H', 'V', 'L', 'R', 'S', 'Q', 'G', 'G', 'F', 'N']",0
"['D', 'V', 'L', 'A', 'E', 'D', 'T', 'I', 'T', 'A', 'L', 'L', 'H']",0
"['D', 'V', 'R', 'V', 'K', 'E', 'Y', 'F', 'D', 'D', 'I', 'A', 'R', 'Y', 'F', 'S', 'I', 'G', 'L', 'L', 'N', 'L', 'I', 'H', 'L', 'F', 'G']",0
"['D', 'W', 'G', 'E', 'A', 'F', 'T', 'A', 'I', 'N', 'L']",0
"['D', 'W', 'L', 'K', 'R', 'L', 'Q', 'K', 'I', 'F', 'P', 'P', 'I', 'L', 'S', 'I']",0
"['D', 'W', 'Y', 'R', 'T', 'Y', 'A', 'E', 'L', 'R', 'E', 'T', 'A']",0
"['D', 'Y', 'E', 'R', 'F', 'K', 'S', 'Y', 'I', 'Q', 'T', 'L']",0
"['E', 'A', 'L', 'V', 'H', 'K', 'L', 'T', 'E', 'R', 'M']",0
"['E', 'A', 'Q', 'K', 'I', 'D', 'R', 'L', 'V', 'Q', 'S', 'F', 'S', 'G', 'A', 'Y', 'F', 'Q', 'Q', 'N']",0
"['E', 'D', 'D', 'I', 'M', 'Y', 'L', 'M']",0
"['E', 'D', 'D', 'S', 'K', 'L', 'A', 'S', 'R', 'K', 'Y', 'A', 'R', 'I', 'I', 'Q', 'K', 'I']",0
"['E', 'D', 'K', 'E', 'A', 'V', 'F', 'D', 'V', 'V', 'D', 'T', 'L', 'T', 'A', 'V', 'L', 'Q', 'V', 'A', 'T', 'G', 'V', 'I', 'S', 'T', 'L']",0
"['E', 'D', 'L', 'P', 'K', 'W', 'S', 'G', 'Y', 'F', 'E', 'K', 'L', 'L', 'K', 'K', 'N']",0
"['E', 'D', 'M', 'I', 'F', 'E', 'I', 'F', 'K', 'N', 'Y', 'L', 'T', 'K', 'V', 'A', 'Y', 'Y', 'A', 'R', 'Q', 'V', 'A', 'E', 'M', 'N']",0
"['E', 'D', 'N', 'L', 'L', 'R', 'Q', 'L', 'A', 'Q', 'K', 'V']",0
"['E', 'E', 'L', 'H', 'T', 'S', 'L', 'V', 'E', 'E', 'L']",0
"['E', 'E', 'M', 'I', 'A', 'E', 'F', 'K', 'A', 'A', 'F', 'D', 'M', 'F']",0
"['E', 'E', 'R', 'V', 'K', 'N', 'G', 'L', 'E', 'R', 'L', 'K', 'K', 'A', 'I', 'K', 'S', 'G', 'K', 'Q', 'S', 'T']",0
"['E', 'E', 'S', 'D', 'I', 'K', 'Y', 'K', 'T', 'S', 'K', 'N', 'F', 'I', 'N', 'K', 'V', 'Y']",0
"['E', 'E', 'V', 'K', 'K', 'H', 'G', 'T', 'T', 'V', 'L', 'T', 'A', 'L', 'G', 'R', 'I', 'L', 'K', 'Q']",0
"['E', 'F', 'P', 'E', 'M', 'L', 'A', 'E', 'I', 'I', 'T']",0
"['E', 'F', 'R', 'D', 'L', 'H', 'L', 'F', 'L', 'G', 'E', 'A', 'A', 'E', 'T', 'A', 'E', 'E', 'V', 'A', 'D', 'E', 'L', 'A', 'E', 'R', 'V', 'Q', 'A', 'L']",0
"['E', 'G', 'D', 'Q', 'Q', 'L', 'L', 'K', 'R', 'V', 'L', 'V', 'R', 'K', 'L']",0
"['E', 'G', 'H', 'V', 'A', 'A', 'V', 'E', 'V', 'L', 'R', 'G', 'I', 'H', 'R', 'I', 'A', 'D', 'M', 'S']",0
"['E', 'G', 'K', 'D', 'R', 'E', 'L', 'Y', 'G', 'K', 'L', 'H', 'E', 'T', 'L', 'K', 'K', 'V', 'T', 'E', 'D', 'L', 'E', 'A']",0
"['E', 'G', 'N', 'K', 'R', 'L', 'D', 'S', 'V', 'N', 'S', 'I', 'V', 'S']",0
"['E', 'G', 'Q', 'Q', 'R', 'R', 'I', 'R', 'Q', 'Q', 'R', 'L', 'I', 'S', 'I', 'G', 'K', 'W', 'I', 'A', 'D', 'N', 'Q']",0
"['E', 'G', 'V', 'A', 'W', 'L', 'E', 'A', 'V', 'L', 'R', 'L', 'L', 'A', 'Q']",0
"['E', 'H', 'E', 'I', 'Q', 'E', 'W', 'Y', 'K', 'G', 'F', 'L', 'R', 'D']",0
"['E', 'I', 'E', 'K', 'F', 'R', 'V', 'W', 'I', 'S', 'I', 'L']",0
"['E', 'I', 'S', 'E', 'M', 'V', 'R', 'M', 'R', 'E', 'R', 'I', 'L', 'D', 'S', 'I', 'H', 'L', 'G']",0
"['E', 'I', 'S', 'K', 'L', 'V', 'K', 'K', 'M', 'I', 'S', 'S', 'W', 'K', 'D', 'A', 'I', 'N']",0
"['E', 'K', 'E', 'T', 'F', 'R', 'E', 'K', 'F', 'M', 'Q', 'H']",0
"['E', 'K', 'N', 'S', 'Y', 'R', 'K', 'L', 'V', 'G', 'N', 'L', 'Y', 'F', 'V', 'Y', 'S', 'A', 'M', 'E', 'E', 'E', 'M', 'A', 'K', 'F']",0
"['E', 'K', 'V', 'Q', 'Y', 'L', 'T', 'R', 'S', 'A', 'I', 'R', 'R']",0
"['E', 'M', 'N', 'Y', 'Y', 'T', 'V', 'L', 'F', 'G', 'V', 'S', 'R', 'A', 'L', 'G', 'V', 'L', 'A', 'Q', 'L', 'I', 'W', 'S', 'R', 'A', 'L']",0
"['E', 'P', 'E', 'E', 'V', 'F', 'K', 'S', 'V', 'L', 'K', 'E', 'M', 'E', 'G']",0
"['E', 'P', 'E', 'K', 'V', 'D', 'K', 'L', 'Q', 'E', 'P', 'L', 'L', 'E', 'A', 'L', 'R', 'L', 'Y', 'A', 'R', 'R', 'R', 'R']",0
"['E', 'P', 'G', 'Q', 'R', 'K', 'I', 'V', 'M', 'H', 'K']",0
"['E', 'Q', 'E', 'I', 'L', 'R', 'Q', 'V', 'K', 'K', 'A', 'Y', 'D', 'R', 'A', 'A', 'R', 'L', 'G']",0
"['E', 'Q', 'E', 'V', 'Y', 'A', 'Q', 'V', 'A', 'R', 'L']",0
"['E', 'Q', 'P', 'S', 'L', 'V', 'R', 'T', 'L', 'D', 'Q', 'L', 'E', 'D', 'K']",0
"['E', 'R', 'Q', 'E', 'V', 'K', 'Q', 'M', 'V', 'V', 'A', 'T', 'L', 'A', 'E', 'S']",0
"['E', 'R', 'V', 'R', 'A', 'A', 'M', 'E', 'K', 'L', 'A']",0
"['E', 'S', 'L', 'Y', 'E', 'S', 'I', 'R', 'R', 'R', 'Y', 'E', 'E', 'L']",0
"['E', 'S', 'P', 'V', 'R', 'K', 'I', 'L', 'R', 'I', 'V', 'F', 'H', 'D', 'A', 'I']",0
"['E', 'T', 'N', 'I', 'R', 'V', 'A', 'L', 'E', 'K', 'S', 'F', 'L']",0
"['E', 'V', 'K', 'R', 'R', 'F', 'P', 'T', 'K', 'L', 'G', 'A', 'W', 'A', 'L', 'I', 'W', 'W', 'L', 'L']",0
"['E', 'V', 'K', 'R', 'S', 'V', 'N', 'R', 'D', 'F', 'A', 'K', 'W', 'F', 'L', 'I', 'V', 'F', 'I']",0
"['E', 'V', 'N', 'R', 'N', 'F', 'G', 'E', 'R', 'I', 'N', 'D', 'L', 'R', 'I', 'L', 'I', 'L', 'L', 'L']",0
"['E', 'V', 'V', 'G', 'R', 'V', 'S', 'K', 'L', 'W', 'N', 'E', 'W', 'W', 'L', 'I', 'V']",0
"['E', 'W', 'Q', 'T', 'M', 'V', 'A', 'A', 'L', 'Q', 'A']",0
"['E', 'Y', 'K', 'Y', 'Y', 'K', 'L', 'K', 'L', 'A', 'E', 'M', 'Q', 'R']",0
"['F', 'A', 'D', 'L', 'F', 'D', 'P', 'V', 'I', 'Q', 'E', 'R', 'H']",0
"['F', 'A', 'L', 'R', 'L', 'R', 'R', 'V', 'I', 'N', 'R', 'I', 'G', 'Q', 'A', 'W', 'R']",0
"['F', 'E', 'V', 'I', 'D', 'T', 'I', 'K', 'A', 'A', 'V', 'E', 'N', 'A']",0
"['F', 'F', 'S', 'F', 'E', 'L', 'V', 'E', 'S', 'I', 'N', 'D', 'V', 'K', 'K', 'S', 'L', 'R']",0
"['F', 'G', 'L', 'K', 'V', 'L', 'G', 'W', 'Y', 'S', 'E', 'M', 'K', 'R', 'N', 'V', 'Q', 'R', 'L', 'E', 'R', 'A', 'I', 'E', 'E', 'V']",0
"['F', 'H', 'S', 'V', 'A', 'E', 'Q', 'F']",0
"['F', 'I', 'A', 'V', 'H', 'E', 'M', 'L', 'D', 'G', 'F', 'R', 'T', 'A', 'L', 'I', 'D', 'H', 'L', 'D', 'T', 'M', 'A', 'E', 'R', 'A', 'V', 'Q']",0
"['F', 'K', 'A', 'T', 'I', 'A', 'D', 'L', 'S', 'K', 'K', 'R']",0
"['F', 'K', 'E', 'A', 'I', 'E', 'A', 'I', 'A', 'E', 'S', 'A']",0
"['F', 'K', 'G', 'K', 'I', 'I', 'K', 'K', 'V', 'I', 'S', 'T', 'G', 'A', 'K', 'L', 'I']",0
"['F', 'K', 'S', 'I', 'Y', 'R', 'F', 'F', 'E', 'H', 'G', 'L', 'K']",0
"['F', 'K', 'S', 'V', 'Q', 'N', 'S', 'L', 'Q', 'R', 'I', 'L', 'Y', 'L', 'W', 'A', 'I', 'R', 'H']",0
"['F', 'L', 'D', 'Q', 'N', 'M', 'L', 'A', 'V', 'I', 'D', 'E', 'L', 'M', 'Q', 'A', 'L']",0
"['F', 'L', 'L', 'K', 'K', 'L', 'K', 'K', 'V', 'A', 'T', 'G', 'F', 'A', 'K', 'G']",0
"['F', 'L', 'L', 'S', 'K', 'A', 'K', 'D', 'A', 'K', 'S', 'S', 'A', 'E', 'G', 'A', 'V']",0
"['F', 'N', 'Q', 'R', 'R', 'I', 'S', 'S', 'A', 'K', 'F', 'L', 'G', 'E', 'L', 'Y', 'N', 'Y']",0
"['F', 'N', 'R', 'M', 'F', 'E', 'K', 'S', 'T', 'H', 'H', 'Y', 'T', 'D', 'S', 'V', 'G', 'G', 'I', 'L', 'R']",0
"['F', 'P', 'L', 'L', 'V', 'D', 'H', 'T', 'S', 'R', 'E', 'A', 'D', 'Y', 'F', 'R', 'K', 'R', 'L', 'I', 'Q', 'L', 'N', 'E', 'G']",0
"['F', 'P', 'N', 'L', 'A', 'S', 'A', 'A', 'F', 'Y', 'W', 'S', 'K', 'K', 'E', 'N']",0
"['F', 'P', 'Q', 'L', 'T', 'Q', 'N', 'N', 'S', 'R', 'E']",0
"['F', 'S', 'A', 'L', 'N', 'I', 'A', 'V', 'H', 'E', 'L', 'S', 'D', 'V', 'G', 'R', 'A', 'I', 'V', 'R', 'N']",0
"['F', 'S', 'E', 'F', 'I', 'Q', 'A', 'L', 'S', 'V', 'T', 'S', 'R', 'G']",0
"['F', 'T', 'E', 'L', 'Q', 'R', 'D', 'F', 'L', 'R', 'N']",0
"['F', 'T', 'R', 'I', 'I', 'K', 'A', 'A', 'G']",0
"['F', 'V', 'P', 'V', 'F', 'F', 'V', 'V', 'V', 'R', 'R', 'R']",0
"['F', 'Y', 'Q', 'T', 'F', 'F', 'D', 'E', 'A', 'D', 'E', 'L', 'L', 'A', 'D', 'M', 'E', 'Q', 'H', 'L', 'L', 'D', 'L']",0
"['G', 'A', 'F', 'R', 'K', 'L', 'L', 'Q', 'S', 'A', 'K', 'D', 'N']",0
"['G', 'A', 'G', 'T', 'S', 'V', 'N', 'M', 'N', 'T', 'N', 'E', 'V', 'L', 'A', 'N', 'I', 'G', 'L', 'E', 'L', 'M']",0
"['G', 'A', 'P', 'L', 'A', 'R', 'M', 'E', 'V', 'T', 'L', 'A', 'L', 'E', 'S', 'L', 'F', 'G', 'R', 'F']",0
"['G', 'A', 'Q', 'Y', 'I', 'Q', 'A', 'A', 'G', 'V', 'A', 'L', 'G', 'L', 'K', 'M', 'R']",0
"['G', 'A', 'V', 'A', 'I', 'A', 'R', 'V', 'F', 'S', 'Y']",0
"['G', 'E', 'A', 'E', 'I', 'A', 'S', 'L', 'K', 'S', 'Q', 'I', 'R', 'A']",0
"['G', 'E', 'A', 'Y', 'L', 'L', 'L', 'E', 'R', 'Y', 'V', 'A', 'F', 'L', 'R', 'A']",0
"['G', 'E', 'D', 'A', 'I', 'L', 'K', 'K', 'V', 'A', 'E', 'E', 'A', 'A', 'E', 'T', 'L', 'M', 'A', 'S', 'K', 'D']",0
"['G', 'E', 'G', 'W', 'A', 'K', 'S', 'I', 'L', 'F', 'N']",0
"['G', 'E', 'K', 'R', 'A', 'E', 'E', 'I', 'K', 'K', 'I', 'L', 'M', 'T']",0
"['G', 'F', 'F', 'G', 'W', 'F', 'N', 'R', 'M', 'F', 'E', 'K', 'S', 'T', 'H', 'H', 'Y', 'T', 'D', 'S', 'V', 'G', 'G', 'I']",0
"['G', 'F', 'K', 'N', 'E', 'V', 'R', 'T', 'P', 'V', 'T', 'K', 'F', 'R', 'I', 'V', 'F', 'F', 'V', 'V']",0
"['G', 'F', 'M', 'I', 'W', 'H', 'P', 'K', 'M', 'D', 'E', 'Y', 'M', 'E', 'E', 'I', 'D', 'G', 'Y', 'L', 'D', 'E', 'M', 'S', 'E', 'R', 'L', 'I', 'T', 'L']",0
"['G', 'F', 'S', 'V', 'Q', 'R', 'R', 'L', 'W', 'L', 'A', 'S']",0
"['G', 'F', 'Y', 'P', 'M', 'V', 'A', 'A', 'Q', 'R', 'I']",0
"['G', 'G', 'F', 'A', 'A', 'A', 'I', 'A', 'R', 'R', 'A']",0
"['G', 'G', 'K', 'E', 'A', 'L', 'A', 'I', 'E', 'N', 'F', 'A', 'D', 'A', 'L']",0
"['G', 'G', 'S', 'S', 'G', 'V', 'L', 'M', 'S', 'I', 'F', 'F', 'T', 'A', 'A', 'G', 'Q', 'K', 'L', 'E', 'Q']",0
"['G', 'H', 'N', 'L', 'I', 'S', 'L', 'L', 'E', 'V', 'L', 'S', 'G']",0
"['G', 'I', 'H', 'E', 'L', 'A', 'V', 'F', 'A', 'E', 'E', 'H']",0
"['G', 'K', 'A', 'S', 'L', 'R', 'A', 'A', 'E', 'L', 'Y', 'S', 'K', 'Y']",0
"['G', 'K', 'D', 'A', 'A', 'A', 'E', 'E', 'I', 'S', 'Q', 'L', 'L', 'Y', 'H', 'V', 'Q', 'V', 'M', 'M', 'V', 'A', 'R', 'G']",0
"['G', 'K', 'K', 'G', 'P', 'K', 'F', 'I', 'Q', 'A', 'V', 'A', 'S', 'L', 'K', 'A']",0
"['G', 'K', 'S', 'N', 'M', 'M', 'D', 'A', 'I', 'S', 'F', 'V', 'L']",0
"['G', 'K', 'T', 'T', 'A', 'A', 'L', 'A', 'L', 'A', 'R', 'E', 'L', 'F', 'G']",0
"['G', 'K', 'T', 'T', 'F', 'V', 'K', 'R', 'H', 'L', 'T', 'G']",0
"['G', 'K', 'T', 'T', 'I', 'L', 'Y', 'R', 'L', 'Q', 'V', 'G']",0
"['G', 'L', 'E', 'K', 'L', 'E', 'E', 'S', 'I', 'Y', 'R', 'E']",0
"['G', 'L', 'F', 'D', 'K', 'V', 'K', 'S', 'L', 'V', 'P', 'K', 'I', 'A', 'K', 'A', 'V']",0
"['G', 'L', 'F', 'D', 'V', 'I', 'G', 'S', 'Q', 'A', 'G', 'G', 'A', 'A', 'P', 'H', 'F', 'L', 'G']",0
"['G', 'L', 'F', 'K', 'L', 'I', 'K', 'F', 'A', 'K', 'K', 'K', 'S', 'P', 'G', 'A', 'F']",0
"['G', 'L', 'G', 'K', 'I', 'I', 'G', 'K', 'V', 'K', 'K', 'S', 'L', 'L', 'K', 'S', 'I']",0
"['G', 'L', 'G', 'L', 'V', 'L', 'K', 'I', 'A', 'V', 'N', 'A', 'F', 'L', 'K', 'L', 'V', 'A']",0
"['G', 'L', 'L', 'D', 'I', 'A', 'G', 'G', 'N', 'A', 'E', 'T', 'L', 'A', 'G', 'H', 'A', 'V']",0
"['G', 'L', 'N', 'A', 'E', 'L', 'T', 'R', 'Y', 'T', 'L', 'S', 'L', 'M', 'V', 'L', 'E', 'R', 'K', 'L', 'S', 'S', 'A']",0
"['G', 'L', 'T', 'S', 'L', 'M', 'A', 'I', 'D', 'K', 'L']",0
"['G', 'L', 'W', 'A', 'I', 'A', 'V', 'K', 'A', 'G', 'K', 'V', 'I', 'L', 'K', 'L', 'I', 'V', 'F', 'I', 'W', 'I', 'R', 'V']",0
"['G', 'L', 'W', 'K', 'S', 'L', 'G', 'A', 'V', 'V', 'K', 'R', 'V', 'E', 'G', 'L', 'W', 'V', 'G', 'L', 'F']",0
"['G', 'N', 'F', 'A', 'D', 'L', 'L', 'A', 'H', 'S', 'D', 'G', 'L', 'I', 'K', 'N', 'I', 'S', 'D', 'D', 'L', 'R', 'A', 'L', 'D', 'K', 'L', 'I']",0
"['G', 'N', 'Y', 'L', 'R', 'A', 'E', 'I', 'L', 'Y', 'R', 'L', 'K']",0
"['G', 'P', 'D', 'M', 'T', 'A', 'M', 'V', 'A', 'L', 'I', 'A', 'S', 'V']",0
"['G', 'P', 'K', 'D', 'A', 'V', 'V', 'K', 'V', 'F', 'N', 'Q', 'W', 'G']",0
"['G', 'P', 'K', 'K', 'A', 'Q', 'L', 'I', 'V', 'G', 'W', 'R', 'E', 'L', 'H', 'G']",0
"['G', 'S', 'D', 'F', 'L', 'I', 'H', 'F', 'I', 'D', 'E']",0
"['G', 'S', 'H', 'A', 'N', 'E', 'F', 'F', 'F', 'R', 'A']",0
"['G', 'T', 'L', 'R', 'H', 'A', 'A', 'N', 'A', 'A', 'F', 'I', 'M', 'L', 'E', 'A', 'A', 'E', 'L']",0
"['G', 'T', 'T', 'T', 'A', 'V', 'I', 'I', 'A', 'G', 'G', 'L', 'L', 'Q', 'Q', 'A', 'Q', 'G', 'L', 'I', 'N']",0
"['G', 'V', 'S', 'G', 'L', 'A', 'A', 'A', 'R', 'Q', 'L', 'Q', 'S', 'F']",0
"['G', 'W', 'Q', 'N', 'E', 'L', 'L', 'L', 'L', 'L', 'R', 'Y', 'L', 'D', 'E', 'N']",0
"['G', 'Y', 'K', 'K', 'V', 'S', 'K', 'S', 'Y', 'T', 'G', 'E', 'W', 'K', 'K', 'Y', 'L', 'N', 'S', 'L']",0
"['H', 'A', 'H', 'A', 'S', 'A', 'I', 'A', 'K', 'A', 'Y', 'A', 'S', 'E', 'I', 'A', 'F', 'E', 'A', 'A', 'N', 'Q', 'A', 'I', 'Q', 'I', 'H', 'G']",0
"['H', 'A', 'L', 'R', 'T', 'I', 'V', 'F', 'E', 'L', 'L', 'T', 'R', 'H']",0
"['H', 'D', 'K', 'H', 'I', 'E', 'I', 'V', 'V', 'R', 'Q', 'M']",0
"['H', 'D', 'L', 'V', 'T', 'D', 'G', 'L', 'I', 'T', 'L', 'Y', 'I', 'E', 'T', 'K']",0
"['H', 'F', 'G', 'S', 'L', 'L', 'L', 'L', 'A', 'A', 'W', 'L', 'A', 'E', 'N']",0
"['H', 'G', 'L', 'V', 'K', 'A', 'G', 'H', 'P', 'L', 'K', 'R', 'K', 'L', 'G', 'H']",0
"['H', 'H', 'K', 'A', 'Y', 'V', 'D', 'G', 'A', 'N', 'T', 'A', 'L', 'D', 'K', 'L', 'A', 'E', 'A', 'R', 'D', 'K']",0
"['H', 'K', 'E', 'M', 'A', 'K', 'A', 'F', 'E', 'E', 'W']",0
"['H', 'L', 'D', 'L', 'I', 'N', 'M', 'M', 'S', 'R', 'L', 'A', 'R', 'E', 'E', 'L', 'V', 'H', 'H', 'E', 'Q', 'V', 'L', 'R', 'L', 'M', 'K', 'R', 'R']",0
"['H', 'M', 'K', 'M', 'R', 'S', 'Q', 'L', 'L', 'I', 'V', 'L', 'Q', 'E', 'H', 'L', 'R', 'N']",0
"['H', 'P', 'A', 'F', 'I', 'A', 'H', 'A', 'D', 'R', 'V', 'L', 'G', 'G', 'L', 'D', 'I', 'A', 'I', 'S', 'T']",0
"['H', 'P', 'F', 'Y', 'Q', 'A', 'L', 'G', 'Q', 'L', 'A', 'R', 'L', 'T', 'L', 'A', 'Q', 'W', 'Q', 'A', 'Q', 'L']",0
"['H', 'Q', 'A', 'A', 'M', 'Q', 'M', 'L', 'K', 'E', 'T', 'I', 'N', 'E', 'E', 'A', 'A', 'E', 'W', 'D', 'R', 'L', 'H']",0
"['H', 'S', 'A', 'T', 'R', 'A', 'A', 'M', 'L', 'V', 'R', 'I', 'N', 'T']",0
"['H', 'S', 'D', 'W', 'I', 'S', 'N', 'A', 'N', 'K', 'V', 'R', 'V', 'I', 'Y', 'W', 'Q', 'M', 'T']",0
"['H', 'S', 'R', 'R', 'G', 'L', 'L', 'K', 'M', 'V', 'G', 'K', 'R', 'R', 'R', 'L', 'L', 'A', 'Y', 'L', 'R', 'N', 'K']",0
"['H', 'T', 'F', 'L', 'D', 'D', 'I', 'V', 'G', 'A', 'I', 'A', 'A', 'A', 'A', 'A', 'S', 'R', 'L', 'A', 'H', 'S', 'Y', 'H', 'D']",0
"['H', 'V', 'V', 'D', 'E', 'K', 'A', 'R', 'L', 'I', 'Y', 'E', 'D']",0
"['H', 'W', 'D', 'K', 'V', 'A', 'D', 'M', 'V', 'A', 'N', 'F', 'A', 'H', 'E', 'I', 'D', 'T', 'Y', 'G']",0
"['I', 'A', 'M', 'V', 'N', 'G', 'L', 'M', 'G', 'V', 'L', 'D', 'K', 'L', 'A', 'H', 'L', 'I', 'D', 'E']",0
"['I', 'A', 'S', 'E', 'F', 'K', 'N', 'I', 'A', 'T', 'N', 'S']",0
"['I', 'D', 'D', 'L', 'R', 'V', 'I', 'A', 'R', 'E', 'N', 'L', 'E', 'R', 'R', 'R', 'K']",0
"['I', 'D', 'D', 'S', 'V', 'N', 'N', 'L', 'I', 'P', 'F', 'M', 'Q', 'K', 'H']",0
"['I', 'E', 'E', 'A', 'T', 'E', 'F', 'Y', 'E', 'N', 'D', 'V']",0
"['I', 'E', 'F', 'R', 'K', 'A', 'F', 'L', 'K', 'I', 'L']",0
"['I', 'G', 'V', 'Q', 'Q', 'H', 'A', 'D', 'K', 'V', 'Q', 'R', 'A', 'L', 'G', 'E', 'A', 'I', 'D', 'D']",0
"['I', 'H', 'N', 'V', 'V', 'G', 'K', 'L']",0
"['I', 'K', 'P', 'L', 'N', 'N', 'F', 'A', 'A', 'E', 'V', 'G', 'K', 'I', 'R', 'D', 'S']",0
"['I', 'M', 'E', 'L', 'L', 'G', 'T', 'V', 'I', 'Q', 'H', 'E', 'G', 'I', 'H', 'Q', 'G', 'Q', 'Y', 'Y', 'V', 'A', 'L', 'K', 'Q', 'S', 'G']",0
"['I', 'P', 'A', 'A', 'K', 'I', 'N', 'W', 'D', 'R', 'D', 'I', 'E', 'Y', 'M', 'A', 'G', 'I', 'L', 'E', 'N']",0
"['I', 'P', 'A', 'V', 'A', 'N', 'W', 'I', 'K', 'R', 'R']",0
"['I', 'P', 'E', 'A', 'K', 'S', 'F', 'Y', 'G', 'F', 'Q', 'I', 'M', 'I', 'E', 'N', 'I', 'H', 'S', 'E', 'T', 'Y', 'S', 'L', 'L', 'I', 'D', 'T', 'Y', 'I']",0
"['I', 'R', 'V', 'N', 'A', 'T', 'K', 'A', 'Y', 'E', 'M', 'A', 'L']",0
"['K', 'D', 'A', 'E', 'N', 'H', 'K', 'A', 'Y', 'L', 'K', 'S', 'H']",0
"['K', 'D', 'F', 'E', 'T', 'L', 'K', 'V', 'D', 'F', 'L', 'S', 'K', 'L', 'P', 'E', 'M', 'L', 'K', 'M', 'F', 'E', 'D', 'R', 'L']",0
"['K', 'D', 'T', 'V', 'I', 'E', 'D', 'I', 'I', 'D', 'K', 'T', 'F', 'E', 'E', 'A', 'D']",0
"['K', 'E', 'D', 'I', 'H', 'R', 'S', 'L', 'V', 'E', 'E', 'L', 'T', 'K', 'I', 'S', 'A', 'K', 'E', 'K']",0
"['K', 'E', 'E', 'G', 'Y', 'F', 'Y', 'F', 'R', 'S', 'R', 'L', 'S', 'Q']",0
"['K', 'E', 'E', 'V', 'Q', 'K', 'V', 'L', 'E', 'D', 'A']",0
"['K', 'E', 'I', 'A', 'E', 'K', 'M', 'V', 'E', 'G', 'R', 'M', 'K', 'K', 'F', 'T', 'G', 'E', 'V']",0
"['K', 'F', 'L', 'K', 'K', 'W', 'E', 'G', 'I', 'W', 'A', 'T', 'F', 'K', 'P', 'A', 'L', 'S', 'A', 'V', 'V']",0
"['K', 'F', 'L', 'R', 'F', 'I', 'L', 'K', 'W', 'F', 'K', 'V', 'I', 'F', 'Q']",0
"['K', 'F', 'L', 'T', 'K', 'L', 'K', 'N', 'I', 'V', 'A', 'N', 'I', 'R', 'I', 'W', 'W', 'V', 'I', 'L', 'L']",0
"['K', 'G', 'Q', 'E', 'Y', 'I', 'N', 'N', 'I', 'H', 'L']",0
"['K', 'H', 'F', 'D', 'F', 'L', 'A', 'E', 'F', 'N', 'A', 'K', 'A', 'N', 'D']",0
"['K', 'H', 'H', 'A', 'A', 'Y', 'V', 'N', 'N', 'L', 'N', 'N', 'A', 'L', 'K', 'K']",0
"['K', 'I', 'P', 'D', 'D', 'L', 'Q', 'A', 'D', 'F', 'N', 'K', 'F', 'R']",0
"['K', 'K', 'A', 'E', 'A', 'V', 'A', 'T', 'V', 'V', 'A', 'A', 'V', 'D', 'Q', 'A', 'R', 'V', 'R']",0
"['K', 'K', 'D', 'V', 'K', 'L', 'I', 'L', 'D', 'T', 'I', 'L', 'E', 'T', 'I', 'T', 'E', 'A', 'L', 'A', 'K']",0
"['K', 'K', 'E', 'E', 'L', 'Q', 'R', 'S', 'L', 'N', 'I', 'L', 'T', 'A', 'F']",0
"['K', 'K', 'Q', 'E', 'L', 'L', 'E', 'A', 'L', 'T', 'K', 'H', 'F', 'Q']",0
"['K', 'K', 'T', 'A', 'E', 'R', 'L', 'I', 'V', 'E', 'M', 'K', 'D', 'R', 'F', 'K', 'G']",0
"['K', 'K', 'V', 'K', 'G', 'Y', 'K', 'R', 'A', 'L', 'T', 'E']",0
"['K', 'L', 'D', 'S', 'R', 'F', 'D', 'N', 'N', 'L', 'G', 'K', 'F', 'R', 'F', 'V', 'L', 'L', 'L', 'F', 'V']",0
"['K', 'L', 'E', 'E', 'K', 'F', 'P', 'Q', 'V', 'A', 'A', 'T']",0
"['K', 'L', 'K', 'E', 'L', 'A', 'L', 'I', 'F', 'I', 'S', 'N', 'L', 'V', 'A', 'N']",0
"['K', 'N', 'I', 'K', 'R', 'N', 'V', 'E', 'K', 'I', 'I', 'A', 'Q', 'W', 'D', 'E', 'R', 'T', 'R', 'K']",0
"['K', 'P', 'E', 'E', 'V', 'E', 'Q', 'I', 'K', 'L', 'Y', 'V', 'M', 'S', 'R', 'E', 'Y', 'E', 'D', 'Y', 'M', 'A', 'R']",0
"['K', 'P', 'E', 'Q', 'Y', 'N', 'I', 'V', 'G', 'E', 'H', 'L', 'L', 'A', 'T', 'L', 'D', 'E', 'M', 'F', 'S']",0
"['K', 'P', 'Q', 'E', 'L', 'L', 'S', 'L', 'I', 'I', 'E', 'R', 'F', 'E']",0
"['K', 'P', 'Q', 'E', 'R', 'A', 'D', 'L', 'I', 'S', 'Y', 'L', 'K', 'E', 'A', 'T', 'S']",0
"['K', 'P', 'W', 'L', 'S', 'V', 'I', 'L', 'F', 'L', 'I', 'R', 'E', 'R', 'S', 'R']",0
"['K', 'Q', 'A', 'E', 'A', 'E', 'E', 'F', 'V', 'Q', 'T', 'L', 'G', 'Q', 'S', 'L', 'A']",0
"['K', 'Q', 'L', 'T', 'A', 'I', 'A', 'A', 'L', 'A', 'E']",0
"['K', 'R', 'E', 'I', 'I', 'H', 'A', 'V', 'L', 'T', 'G', 'L', 'A', 'L', 'D', 'Q', 'L', 'A', 'E', 'Q']",0
"['K', 'R', 'E', 'V', 'Q', 'N', 'A', 'I', 'L', 'T', 'G', 'I', 'Q', 'L', 'D', 'K', 'L', 'A', 'E', 'D']",0
"['K', 'S', 'E', 'A', 'L', 'A', 'K', 'M', 'W', 'G', 'Q', 'R', 'K']",0
"['K', 'T', 'A', 'S', 'T', 'G', 'F', 'A', 'E', 'L', 'L', 'K', 'D', 'R', 'R', 'E', 'Q', 'V']",0
"['K', 'T', 'F', 'R', 'T', 'T', 'F', 'K', 'T', 'L', 'L']",0
"['K', 'V', 'A', 'E', 'F', 'E', 'R', 'L', 'F', 'R', 'Q', 'A', 'A', 'G']",0
"['K', 'V', 'N', 'R', 'A', 'V', 'A', 'A', 'E', 'I', 'R', 'N', 'W', 'T', 'W', 'V', 'F', 'L', 'I', 'W']",0
"['K', 'V', 'R', 'E', 'T', 'R', 'E', 'I', 'L', 'D', 'I', 'I', 'D', 'T', 'V', 'Y', 'N', 'S']",0
"['K', 'V', 'R', 'G', 'L', 'I', 'E', 'I', 'I', 'S', 'N']",0
"['K', 'V', 'S', 'D', 'I', 'L', 'T', 'V', 'A', 'I', 'R', 'L', 'E', 'E', 'E', 'G', 'E', 'R', 'F', 'Y', 'R', 'E', 'L', 'S']",0
"['K', 'V', 'V', 'D', 'N', 'F', 'E', 'N', 'I', 'L', 'I', 'I']",0
"['K', 'V', 'W', 'K', 'G', 'V', 'K', 'T', 'I', 'I', 'A', 'D', 'V', 'W', 'Q', 'V']",0
"['K', 'W', 'E', 'A', 'E', 'K', 'I', 'H', 'I', 'G', 'F', 'R', 'Q', 'A', 'Y']",0
"['K', 'W', 'V', 'R', 'I', 'W', 'I', 'K', 'V', 'L', 'R', 'G', 'L', 'F', 'V', 'W', 'V', 'W', 'F', 'F']",0
"['K', 'Y', 'D', 'H', 'F', 'A', 'G', 'R', 'A', 'Y', 'V', 'R', 'L', 'H', 'Q', 'D']",0
"['L', 'A', 'D', 'L', 'Q', 'E', 'Q', 'L', 'Y', 'N', 'G']",0
"['L', 'D', 'A', 'Y', 'I', 'N', 'L', 'G', 'N', 'V', 'L', 'K', 'E', 'A']",0
"['L', 'D', 'E', 'A', 'A', 'T', 'R', 'S', 'K', 'A', 'W', 'M', 'V', 'D', 'A', 'L', 'A']",0
"['L', 'E', 'A', 'R', 'M', 'K', 'Q', 'F', 'K', 'D', 'M', 'L', 'L', 'E', 'R']",0
"['L', 'E', 'E', 'F', 'D', 'K', 'V', 'S', 'K', 'N', 'V', 'D']",0
"['L', 'E', 'P', 'I', 'K', 'A', 'W', 'I', 'E', 'K', 'R']",0
"['L', 'E', 'Q', 'V', 'E', 'F', 'K', 'L', 'N', 'Q', 'L', 'L', 'E', 'N', 'L']",0
"['L', 'H', 'D', 'A', 'I', 'H', 'M', 'A', 'A', 'D', 'N', 'A', 'V']",0
"['L', 'K', 'R', 'A', 'E', 'A', 'L', 'I', 'H', 'L', 'A', 'N', 'A', 'A', 'L', 'E']",0
"['L', 'K', 'Y', 'V', 'G', 'M', 'V', 'L', 'N', 'E', 'A', 'L', 'R', 'L', 'W']",0
"['L', 'L', 'N', 'I', 'R', 'R', 'E', 'F', 'I', 'E', 'K', 'Y']",0
"['L', 'L', 'P', 'A', 'L', 'L', 'Q', 'Q', 'I', 'G', 'R', 'E', 'N']",0
"['L', 'L', 'T', 'E', 'V', 'E', 'T', 'Y', 'V', 'L', 'S', 'I']",0
"['L', 'M', 'E', 'P', 'V', 'R', 'E', 'A', 'A', 'G', 'R', 'L', 'A', 'D', 'A']",0
"['L', 'M', 'G', 'H', 'Q', 'K', 'K', 'I', 'L', 'G', 'S', 'I', 'Q', 'T', 'M', 'R', 'A', 'Q', 'L', 'T']",0
"['L', 'N', 'N', 'F', 'S', 'R', 'Y', 'F', 'L', 'H', 'Q', 'S', 'R', 'E', 'E', 'T', 'E', 'H', 'A', 'E', 'K', 'L', 'M', 'R', 'L', 'Q', 'N', 'Q', 'R', 'G']",0
"['L', 'P', 'E', 'D', 'Q', 'E', 'L', 'L', 'F', 'Q', 'S', 'A', 'S', 'L', 'E', 'L', 'F', 'V', 'L', 'R', 'L', 'A', 'Y', 'R', 'A']",0
"['L', 'P', 'H', 'F', 'Y', 'E', 'L', 'F', 'S', 'L', 'W', 'A']",0
"['L', 'P', 'I', 'H', 'Y', 'K', 'L', 'S', 'Q', 'E', 'F', 'F', 'L', 'K', 'A', 'Y', 'E', 'N']",0
"['L', 'Q', 'A', 'P', 'L', 'Q', 'R', 'R', 'I', 'L', 'E', 'I', 'G', 'K', 'K', 'H']",0
"['L', 'Q', 'M', 'E', 'F', 'K', 'Y', 'L', 'A', 'Y', 'L', 'T', 'G']",0
"['L', 'Q', 'N', 'A', 'I', 'I', 'E', 'F', 'Y', 'T', 'E', 'Y', 'Y']",0
"['L', 'Q', 'W', 'Y', 'V', 'S', 'E', 'Q', 'H', 'E', 'E', 'E', 'A', 'L', 'F', 'R', 'G', 'I', 'V', 'D', 'K', 'I', 'K', 'L', 'I', 'G']",0
"['L', 'R', 'E', 'I', 'V', 'E', 'N', 'M', 'I', 'K', 'S', 'S', 'L', 'E', 'R', 'A', 'I', 'A', 'A', 'Y']",0
"['L', 'R', 'S', 'W', 'F', 'R', 'E', 'R', 'L', 'I', 'A', 'H', 'R', 'L', 'A', 'S', 'V', 'N', 'L']",0
"['L', 'R', 'T', 'Y', 'F', 'M', 'E', 'R', 'L', 'R', 'H', 'Y', 'R', 'Q', 'L', 'S', 'L']",0
"['L', 'S', 'T', 'V', 'S', 'N', 'F', 'F', 'M', 'N', 'A']",0
"['L', 'V', 'G', 'A', 'L', 'M', 'H', 'V', 'M', 'Q', 'K', 'R', 'S', 'R']",0
"['L', 'V', 'L', 'P', 'I', 'A', 'Q', 'A', 'L', 'K', 'V', 'L', 'G']",0
"['M', 'E', 'A', 'L', 'K', 'K', 'Q', 'I', 'L', 'Q', 'I']",0
"['M', 'E', 'K', 'L', 'N', 'Q', 'L', 'W', 'E', 'K', 'A', 'Q', 'R', 'L', 'H']",0
"['M', 'L', 'E', 'E', 'Y', 'R', 'K', 'H', 'V', 'A', 'E', 'R', 'A', 'A', 'E']",0
"['M', 'P', 'E', 'V', 'F', 'N', 'Y', 'L', 'G', 'I', 'Y', 'L', 'T', 'Q', 'A']",0
"['M', 'P', 'G', 'T', 'A', 'T', 'H', 'T', 'V', 'K', 'M', 'F', 'S']",0
"['M', 'P', 'Y', 'T', 'D', 'A', 'V', 'V', 'H', 'E', 'V', 'Q', 'R', 'Y', 'I', 'D']",0
"['M', 'T', 'D', 'Q', 'Q', 'A', 'E', 'A', 'R', 'A', 'F']",0
"['M', 'V', 'F', 'K', 'Q', 'M', 'E', 'Q', 'V', 'A', 'Q', 'F', 'L', 'K', 'A', 'A', 'E', 'D', 'Y']",0
"['M', 'Y', 'S', 'N', 'R', 'M', 'R', 'S', 'Y', 'K', 'Q', 'E', 'M', 'G', 'K', 'L', 'E', 'T', 'D', 'F', 'K', 'R', 'S', 'R', 'I']",0
"['N', 'A', 'A', 'G', 'W', 'D', 'L', 'L', 'L', 'T', 'L', 'Y', 'R', 'S', 'A']",0
"['N', 'A', 'A', 'Q', 'L', 'D', 'A', 'L', 'A', 'H', 'A', 'L', 'L', 'E', 'I', 'P', 'R', 'F', 'S', 'Y', 'A', 'T', 'R']",0
"['N', 'A', 'G', 'Q', 'A', 'N', 'E', 'F', 'F', 'N', 'E', 'F', 'W', 'S']",0
"['N', 'A', 'K', 'I', 'A', 'R', 'I', 'N', 'E', 'L', 'A', 'A', 'K', 'A', 'K', 'A', 'G', 'V']",0
"['N', 'A', 'K', 'Y', 'V', 'A', 'E', 'A', 'T', 'G', 'N', 'F', 'I', 'T', 'V', 'M', 'D', 'A', 'L', 'K', 'L']",0
"['N', 'A', 'S', 'R', 'T', 'V', 'G', 'V', 'V', 'A', 'A', 'L', 'L']",0
"['N', 'D', 'A', 'E', 'V', 'K', 'K', 'I', 'A', 'A', 'Q', 'Y', 'G', 'K', 'D']",0
"['N', 'D', 'E', 'E', 'T', 'V', 'A', 'L', 'T', 'A', 'G', 'G', 'H', 'T']",0
"['N', 'E', 'E', 'V', 'R', 'I', 'E', 'A', 'I', 'I', 'G', 'L', 'S', 'Y', 'R']",0
"['N', 'E', 'Q', 'D', 'L', 'G', 'I', 'Q', 'Y', 'K', 'A', 'L', 'K', 'P', 'E', 'V', 'D', 'K', 'L', 'N', 'I', 'M', 'A', 'A', 'K', 'R', 'Q', 'Q', 'E', 'L']",0
"['N', 'E', 'Y', 'I', 'M', 'S', 'L', 'I', 'S', 'D', 'N']",0
"['N', 'F', 'K', 'D', 'V', 'I', 'E', 'T', 'A', 'K', 'K', 'V', 'M', 'N', 'F']",0
"['N', 'G', 'E', 'T', 'F', 'L', 'T', 'E', 'L', 'L', 'D']",0
"['N', 'G', 'L', 'E', 'V', 'V', 'K', 'A', 'L', 'A', 'Q', 'G']",0
"['N', 'I', 'D', 'E', 'I', 'E', 'R', 'K', 'I', 'D', 'E', 'A', 'I', 'E', 'K', 'E']",0
"['N', 'I', 'D', 'S', 'Y', 'L', 'N', 'A', 'V', 'N', 'I', 'I', 'N', 'I', 'F', 'K', 'I', 'I', 'G']",0
"['N', 'I', 'E', 'Q', 'L', 'W', 'R', 'D', 'Y', 'N', 'K', 'Y', 'E', 'E', 'G', 'I', 'N']",0
"['N', 'I', 'L', 'K', 'Q', 'I', 'F', 'K', 'L', 'L', 'Q', 'A']",0
"['N', 'I', 'N', 'E', 'L', 'F', 'I', 'E', 'I', 'S', 'R', 'R', 'I']",0
"['N', 'I', 'P', 'K', 'H', 'T', 'H', 'R', 'F', 'F', 'I', 'L', 'V', 'L', 'E', 'I']",0
"['N', 'K', 'D', 'Q', 'W', 'E', 'E', 'R', 'I', 'Q', 'V', 'W', 'H', 'E', 'E', 'H']",0
"['N', 'K', 'E', 'E', 'M', 'M', 'D', 'I', 'V', 'K', 'A', 'I', 'Y', 'D', 'M', 'M', 'G']",0
"['N', 'K', 'L', 'V', 'D', 'R', 'W', 'L', 'H', 'V', 'R', 'K', 'H', 'L', 'L', 'V', 'A', 'Y', 'Y', 'N', 'L', 'V', 'G']",0
"['N', 'K', 'Q', 'A', 'D', 'S', 'I', 'K', 'Q', 'M', 'E', 'E', 'R', 'N', 'K', 'K', 'R', 'V', 'E', 'N', 'F', 'K', 'K', 'T', 'G']",0
"['N', 'K', 'R', 'A', 'V', 'D', 'W', 'A', 'M', 'R', 'A', 'A', 'M', 'A', 'L']",0
"['N', 'K', 'S', 'V', 'G', 'A', 'V', 'Y', 'A', 'I', 'L', 'Y', 'L', 'S']",0
"['N', 'L', 'D', 'S', 'I', 'Q', 'E', 'E', 'L', 'A', 'D', 'V', 'I', 'A', 'W', 'T', 'V', 'S', 'I', 'A', 'N', 'L', 'E', 'G']",0
"['N', 'L', 'E', 'Q', 'T', 'A', 'R', 'R', 'W', 'L', 'E', 'E', 'R', 'G']",0
"['N', 'L', 'E', 'S', 'E', 'I', 'H', 'T', 'V', 'L', 'K', 'H', 'L', 'V', 'E', 'N', 'N']",0
"['N', 'L', 'F', 'D', 'H', 'F', 'S', 'A', 'V', 'A', 'Q', 'R', 'L']",0
"['N', 'L', 'F', 'P', 'I', 'V', 'F', 'G', 'V', 'I', 'F', 'D', 'A']",0
"['N', 'L', 'L', 'Y', 'D', 'I', 'V', 'K', 'E', 'N', 'G']",0
"['N', 'L', 'N', 'Q', 'S', 'I', 'D', 'N', 'F', 'V', 'N', 'M', 'A', 'F', 'F', 'A']",0
"['N', 'L', 'S', 'T', 'L', 'A', 'A', 'L', 'V', 'A', 'A', 'A', 'G']",0
"['N', 'L', 'T', 'Q', 'L', 'K', 'A', 'S', 'F', 'A', 'V', 'Q']",0
"['N', 'L', 'V', 'A', 'D', 'M', 'R', 'F', 'N', 'V', 'V', 'R', 'E', 'S', 'E', 'A', 'R', 'L', 'Q', 'V', 'S', 'R', 'L', 'Y', 'S']",0
"['N', 'N', 'A', 'I', 'T', 'K', 'G', 'F', 'T', 'A', 'L', 'E', 'K', 'L', 'L', 'V']",0
"['N', 'P', 'A', 'A', 'E', 'K', 'M', 'Q', 'V', 'L', 'Q', 'V', 'L', 'D', 'R', 'L', 'R', 'G', 'K', 'L', 'Q', 'E', 'K', 'G']",0
"['N', 'P', 'A', 'Q', 'Y', 'L', 'A', 'Q', 'H', 'E', 'Q', 'L', 'L']",0
"['N', 'P', 'A', 'R', 'A', 'L', 'Y', 'Q', 'T', 'V', 'R', 'E', 'L', 'I', 'E', 'N', 'S', 'L', 'D', 'A']",0
"['N', 'P', 'E', 'I', 'L', 'L', 'A', 'R', 'V', 'K', 'R', 'F', 'L', 'E', 'R', 'E']",0
"['N', 'P', 'E', 'R', 'V', 'L', 'L', 'Q', 'L', 'K', 'Y', 'R', 'Y', 'D', 'V', 'E', 'I']",0
"['N', 'P', 'G', 'Q', 'A', 'I', 'W', 'L', 'G', 'E', 'F', 'S', 'K', 'R', 'H']",0
"['N', 'P', 'M', 'I', 'I', 'E', 'G', 'Q', 'I', 'H', 'G', 'G', 'L', 'T', 'E', 'G', 'Y', 'A', 'V', 'A', 'M', 'G']",0
"['N', 'P', 'Q', 'V', 'L', 'A', 'D', 'I', 'G', 'A', 'E', 'A', 'T']",0
"['N', 'P', 'R', 'W', 'I', 'G', 'R', 'H', 'K', 'H', 'M', 'F', 'N', 'F', 'L', 'D']",0
"['N', 'P', 'V', 'L', 'Q', 'Q', 'H', 'F', 'R', 'N', 'L', 'E', 'A', 'L', 'A', 'L']",0
"['N', 'Q', 'D', 'E', 'L', 'E', 'G', 'Y', 'N', 'L', 'F', 'K', 'G', 'S', 'G']",0
"['N', 'Q', 'P', 'F', 'A', 'L', 'E', 'M', 'I', 'K', 'S', 'R', 'Q', 'K', 'K', 'D']",0
"['N', 'Q', 'R', 'A', 'L', 'L', 'K', 'S', 'L', 'Q', 'D', 'Y', 'R', 'Q', 'H', 'L', 'D', 'Q', 'L', 'I', 'T', 'L', 'I', 'S', 'N']",0
"['N', 'R', 'E', 'A', 'N', 'L', 'Q', 'A', 'L', 'I', 'A', 'T', 'G']",0
"['N', 'R', 'K', 'M', 'A', 'M', 'G', 'R', 'K', 'K', 'F', 'N', 'M', 'D']",0
"['N', 'S', 'D', 'Q', 'D', 'A', 'G', 'I', 'A', 'I', 'I', 'R', 'R', 'A', 'L']",0
"['N', 'S', 'N', 'H', 'Q', 'M', 'L', 'L', 'V', 'Q', 'Q', 'A', 'E', 'D', 'K', 'I', 'K', 'E', 'L', 'L', 'N', 'T']",0
"['N', 'S', 'N', 'T', 'F', 'L', 'T', 'R', 'L', 'L', 'V', 'H', 'M']",0
"['N', 'S', 'R', 'E', 'R', 'E', 'M', 'F', 'V', 'Q', 'E', 'V', 'R', 'R', 'Y', 'Y']",0
"['N', 'S', 'S', 'D', 'S', 'I', 'D', 'W', 'L', 'T', 'S', 'M']",0
"['N', 'S', 'V', 'L', 'R', 'A', 'V', 'A', 'E', 'V', 'Y', 'A']",0
"['N', 'T', 'D', 'T', 'L', 'E', 'R', 'V', 'T', 'E', 'I', 'F', 'K', 'A', 'L', 'G']",0
"['N', 'T', 'E', 'K', 'L', 'L', 'K', 'T', 'V', 'P', 'I', 'I', 'Q', 'N', 'Q', 'M', 'D', 'A', 'L', 'L', 'D']",0
"['N', 'T', 'P', 'E', 'A', 'Y', 'S', 'V', 'L', 'F', 'D', 'M', 'A', 'R', 'E', 'V', 'N', 'R', 'L', 'K', 'A', 'E', 'D']",0
"['N', 'V', 'G', 'K', 'A', 'W', 'A', 'E', 'D', 'V', 'L', 'A', 'L', 'V', 'K', 'H']",0
"['N', 'V', 'K', 'D', 'L', 'A', 'D', 'A', 'A', 'K', 'R', 'T']",0
"['N', 'V', 'K', 'D', 'V', 'T', 'K', 'L', 'V', 'A', 'N']",0
"['N', 'W', 'D', 'D', 'M', 'E', 'K', 'I', 'W', 'H', 'H', 'T', 'F', 'Y', 'N']",0
"['N', 'Y', 'A', 'H', 'L', 'N', 'R', 'G', 'I', 'A', 'L', 'Y', 'Y', 'G']",0
"['N', 'Y', 'E', 'E', 'I', 'Y', 'I', 'L', 'N', 'H', 'I', 'L', 'R']",0
"['N', 'Y', 'E', 'K', 'F', 'S', 'E', 'T', 'K', 'E', 'R', 'L', 'L', 'E', 'K', 'F']",0
"['P', 'A', 'E', 'R', 'Y', 'Y', 'R', 'D', 'A', 'R', 'I', 'T']",0
"['P', 'A', 'L', 'D', 'I', 'L', 'K', 'A', 'L', 'V', 'D', 'N', 'L', 'Y', 'V', 'E', 'N']",0
"['P', 'A', 'T', 'S', 'R', 'K', 'I', 'F', 'K', 'Y', 'I', 'R', 'E', 'L', 'D', 'E']",0
"['P', 'D', 'E', 'V', 'S', 'A', 'L', 'R', 'R', 'T', 'T', 'E', 'K', 'N', 'T', 'T', 'T', 'L', 'I', 'N', 'L', 'A', 'K', 'Q', 'H']",0
"['P', 'D', 'F', 'R', 'K', 'A', 'F', 'K', 'R', 'L', 'L']",0
"['P', 'D', 'I', 'K', 'A', 'Q', 'Y', 'Q', 'Q', 'R', 'W', 'L']",0
"['P', 'D', 'Y', 'R', 'E', 'V', 'M', 'E', 'T', 'F', 'Q', 'E']",0
"['P', 'E', 'A', 'L', 'T', 'V', 'A', 'A', 'T', 'E', 'V', 'R', 'R', 'I', 'R', 'D', 'R', 'A', 'I', 'Q', 'S', 'D', 'A', 'Q', 'V', 'A', 'P', 'M', 'T', 'T']",0
"['P', 'E', 'D', 'F', 'A', 'N', 'H', 'L', 'F', 'T', 'V', 'F', 'D']",0
"['P', 'E', 'K', 'E', 'A', 'V', 'T', 'L', 'G', 'I', 'K', 'A', 'L', 'K', 'S', 'S', 'L']",0
"['P', 'E', 'V', 'Q', 'I', 'A', 'I', 'L', 'T', 'E', 'Q', 'I', 'N', 'N', 'L', 'N', 'E', 'H', 'L', 'R', 'V']",0
"['P', 'E', 'Y', 'E', 'H', 'L', 'Y', 'T', 'E', 'L', 'T', 'G', 'T', 'I', 'V', 'L', 'L', 'I', 'E', 'S']",0
"['P', 'G', 'L', 'R', 'R', 'A', 'W', 'K', 'R', 'L', 'Q']",0
"['P', 'G', 'R', 'I', 'Q', 'R', 'V', 'A', 'R', 'G', 'S']",0
"['P', 'I', 'A', 'F', 'I', 'H', 'K', 'A', 'I']",0
"['P', 'I', 'D', 'I', 'D', 'Y', 'M', 'I', 'S', 'D', 'T', 'L', 'E', 'L', 'L', 'R']",0
"['P', 'I', 'E', 'A', 'F', 'L', 'R', 'L', 'N', 'E', 'E', 'L', 'E', 'E', 'R', 'G']",0
"['P', 'I', 'K', 'F', 'I', 'R', 'K', 'A']",0
"['P', 'K', 'A', 'Y', 'A', 'Q', 'H', 'V', 'F', 'R', 'S']",0
"['P', 'K', 'P', 'L', 'V', 'S', 'F', 'F', 'Q', 'S', 'L', 'L', 'Q', 'L', 'V', 'N', 'H', 'D', 'L', 'L', 'E', 'Q', 'Q', 'N']",0
"['P', 'L', 'E', 'E', 'L', 'F', 'L', 'E', 'Q', 'L', 'E', 'A']",0
"['P', 'L', 'G', 'R', 'L', 'I', 'H', 'M', 'V', 'N', 'Q', 'K', 'K', 'D', 'R', 'L', 'L', 'N', 'E', 'Y', 'L', 'S']",0
"['P', 'L', 'T', 'K', 'G', 'I', 'L', 'G', 'F', 'V', 'F', 'T', 'L', 'T']",0
"['P', 'N', 'D', 'M', 'S', 'R', 'I', 'F', 'N', 'I', 'V', 'K', 'E', 'S', 'L']",0
"['P', 'N', 'G', 'P', 'T', 'H', 'A', 'P', 'W', 'L', 'L', 'A', 'H', 'K', 'I', 'Q']",0
"['P', 'Q', 'H', 'E', 'R', 'D', 'V', 'I', 'Y', 'E', 'E', 'E', 'S']",0
"['P', 'Q', 'S', 'Y', 'A', 'M', 'A', 'I', 'A', 'R', 'Q', 'E', 'S', 'A']",0
"['P', 'Q', 'Y', 'A', 'L', 'E', 'L', 'L', 'T', 'V', 'Y', 'A', 'W', 'E', 'Q', 'G', 'S']",0
"['P', 'Q', 'Y', 'S', 'Q', 'A', 'R', 'V', 'M', 'L', 'V', 'K', 'T', 'I', 'S', 'M', 'I', 'S', 'I', 'V', 'D', 'D', 'T', 'F', 'D', 'A']",0
"['P', 'R', 'E', 'S', 'F', 'A', 'V', 'L', 'A', 'S', 'A', 'L', 'A', 'L', 'M', 'A', 'A', 'V', 'F', 'E', 'R', 'L', 'A', 'V', 'E', 'I', 'R', 'E', 'L', 'S']",0
"['P', 'R', 'R', 'Q', 'Q', 'S', 'L', 'A', 'L', 'R', 'W', 'L', 'V', 'Q', 'A', 'A', 'N', 'Q']",0
"['P', 'S', 'A', 'L', 'I', 'D', 'Q', 'E', 'I', 'N', 'V', 'L', 'R', 'Q', 'Q', 'A', 'A', 'Q', 'R', 'F']",0
"['P', 'S', 'D', 'Q', 'Q', 'N', 'E', 'M', 'V', 'R', 'E']",0
"['P', 'S', 'F', 'F', 'R', 'L', 'H', 'K', 'Y', 'M', 'D', 'N', 'I', 'F', 'K', 'K', 'H', 'T', 'D']",0
"['P', 'S', 'S', 'Q', 'I', 'V', 'G', 'T', 'Q', 'A', 'V', 'F', 'N', 'V', 'M', 'M', 'G']",0
"['P', 'S', 'V', 'V', 'A', 'N', 'T', 'V', 'K', 'G', 'G']",0
"['P', 'T', 'K', 'E', 'R', 'E', 'Q', 'V', 'I', 'A', 'H', 'L', 'G', 'L']",0
"['P', 'T', 'L', 'L', 'D', 'L', 'F', 'A', 'E', 'D', 'I', 'G', 'H', 'A', 'N', 'Q', 'L', 'L', 'Q', 'L', 'V', 'D', 'E', 'E', 'F', 'Q', 'A', 'L', 'E', 'R']",0
"['P', 'V', 'S', 'D', 'T', 'M', 'D', 'M', 'L', 'T', 'K', 'L']",0
"['P', 'W', 'T', 'Q', 'R', 'F', 'F', 'E', 'S', 'F', 'G']",0
"['Q', 'A', 'G', 'N', 'Y', 'A', 'S', 'M', 'F', 'W', 'L', 'T']",0
"['Q', 'A', 'K', 'E', 'V', 'L', 'K', 'Q', 'H', 'F', 'E', 'K', 'S']",0
"['Q', 'A', 'R', 'V', 'W', 'V', 'A', 'R', 'A', 'V', 'S', 'E', 'H', 'Q', 'R', 'F', 'T', 'A']",0
"['Q', 'A', 'S', 'T', 'G', 'S', 'L', 'L', 'N', 'I', 'L', 'R']",0
"['Q', 'D', 'D', 'V', 'L', 'E', 'A', 'L', 'S', 'A', 'A', 'V', 'R']",0
"['Q', 'D', 'E', 'L', 'V', 'W', 'G', 'A', 'Y', 'W', 'L', 'Y', 'K', 'A', 'T']",0
"['Q', 'D', 'L', 'L', 'D', 'R', 'V', 'L', 'A', 'A', 'H', 'A', 'Y', 'W', 'S', 'Q']",0
"['Q', 'E', 'W', 'V', 'E', 'L', 'M', 'V', 'E', 'A', 'K', 'E']",0
"['Q', 'F', 'R', 'R', 'G', 'A', 'N', 'F', 'K', 'F', 'E', 'L', 'G', 'E', 'I', 'L', 'E', 'N', 'D']",0
"['Q', 'F', 'S', 'R', 'Q', 'M', 'L', 'D', 'R', 'K', 'L', 'L', 'L', 'G']",0
"['Q', 'G', 'L', 'A', 'E', 'K', 'I', 'F', 'W', 'S', 'L', 'K']",0
"['Q', 'H', 'L', 'A', 'K', 'L', 'E', 'M', 'K', 'I', 'F', 'F', 'E', 'E', 'L']",0
"['Q', 'I', 'K', 'Q', 'T', 'N', 'A', 'G', 'A', 'V', 'Y', 'R', 'L', 'I', 'D', 'Q', 'L', 'G']",0
"['Q', 'I', 'N', 'E', 'M', 'H', 'L', 'L', 'I', 'Q', 'Q', 'A', 'R']",0
"['Q', 'I', 'P', 'R', 'I', 'A', 'R', 'E', 'K', 'I', 'R', 'G', 'L', 'T', 'E', 'Y', 'F']",0
"['Q', 'L', 'E', 'E', 'S', 'M', 'L', 'Y', 'S', 'L', 'N']",0
"['Q', 'L', 'L', 'R', 'G', 'V', 'G', 'A', 'A', 'A', 'T', 'A', 'V', 'T', 'Q', 'A', 'L', 'N', 'E', 'L', 'L', 'Q', 'H', 'V', 'K', 'A']",0
"['Q', 'L', 'V', 'D', 'R', 'L', 'D', 'Q', 'S', 'W', 'Q', 'Y', 'Y', 'Q', 'D', 'R', 'L', 'M', 'A']",0
"['Q', 'L', 'V', 'S', 'F', 'L', 'I', 'R', 'L', 'L', 'K', 'V', 'W', 'I', 'R', 'V', 'V', 'I']",0
"['Q', 'M', 'S', 'F', 'W', 'G', 'A', 'T', 'V', 'I', 'T', 'G', 'L', 'F', 'G']",0
"['Q', 'P', 'N', 'A', 'I', 'L', 'E', 'K', 'V', 'F', 'T', 'A']",0
"['Q', 'R', 'A', 'F', 'L', 'K', 'L', 'Y', 'M', 'I', 'T', 'M', 'T', 'E']",0
"['Q', 'T', 'R', 'E', 'H', 'L', 'L', 'L', 'A', 'R', 'Q', 'I']",0
"['Q', 'V', 'I', 'A', 'K', 'W', 'G', 'A', 'W', 'V', 'K', 'R', 'I', 'E', 'A', 'K', 'F', 'R', 'S', 'L']",0
"['Q', 'V', 'I', 'E', 'V', 'L', 'N', 'K', 'Q', 'V', 'A', 'D', 'W', 'S', 'V', 'L', 'F', 'T', 'K', 'L', 'H', 'N', 'F', 'H', 'W', 'Y', 'V']",0
"['Q', 'V', 'T', 'Q', 'E', 'L', 'R', 'A', 'L', 'M', 'D', 'E', 'T', 'M', 'K', 'E', 'L', 'K', 'A', 'Y', 'K', 'S', 'E', 'L', 'E', 'E']",0
"['R', 'A', 'A', 'A', 'I', 'E', 'Q', 'L', 'K', 'I', 'W', 'G', 'E', 'R', 'V', 'G']",0
"['R', 'D', 'I', 'P', 'E', 'L', 'A', 'Q', 'L', 'Q', 'S', 'E', 'I', 'L', 'D', 'A', 'I', 'W']",0
"['R', 'E', 'E', 'E', 'K', 'E', 'A', 'L', 'R', 'F', 'A', 'E', 'A', 'Q']",0
"['R', 'E', 'E', 'I', 'Y', 'Q', 'A', 'F', 'E', 'A', 'I', 'Y', 'P', 'V', 'L', 'S', 'E', 'F']",0
"['R', 'E', 'G', 'F', 'L', 'S', 'P', 'L', 'K', 'A', 'Y', 'L', 'I']",0
"['R', 'F', 'E', 'S', 'A', 'V', 'E', 'T', 'L', 'L', 'D', 'I', 'E', 'S', 'Q', 'L', 'E', 'D', 'L']",0
"['R', 'F', 'L', 'I', 'R', 'V', 'Y', 'H', 'P', 'L', 'L', 'L', 'K', 'V', 'L']",0
"['R', 'F', 'L', 'K', 'R', 'V', 'Q', 'P', 'L', 'V', 'N', 'R', 'W', 'L', 'L', 'L', 'I']",0
"['R', 'F', 'S', 'G', 'K', 'V', 'R', 'E', 'D', 'L', 'T', 'K', 'I', 'V', 'W', 'V', 'F', 'F', 'W']",0
"['R', 'F', 'V', 'P', 'R', 'W', 'R', 'T', 'V', 'V', 'G', 'Q', 'F', 'K', 'R', 'D', 'I', 'L', 'V', 'I', 'F', 'L', 'W']",0
"['R', 'G', 'E', 'Q', 'M', 'K', 'G', 'H', 'A', 'A', 'T', 'I', 'E', 'D', 'Q', 'V', 'R', 'R', 'M', 'I', 'A']",0
"['R', 'G', 'F', 'R', 'G', 'W', 'W', 'L', 'A', 'S', 'T', 'I', 'L', 'L', 'L', 'V', 'A', 'E', 'K']",0
"['R', 'G', 'Q', 'L', 'I', 'R', 'E', 'A', 'Y', 'E', 'D']",0
"['R', 'H', 'S', 'D', 'N', 'I', 'N', 'K', 'F', 'L', 'D', 'F', 'I', 'H', 'G', 'I']",0
"['R', 'I', 'E', 'N', 'G', 'L', 'R', 'K', 'R', 'L', 'Q', 'S', 'I', 'Y', 'R', 'H', 'L', 'E', 'E']",0
"['R', 'I', 'L', 'K', 'N', 'F', 'D', 'S', 'W', 'W', 'G', 'K', 'V', 'I', 'V', 'I', 'L']",0
"['R', 'I', 'L', 'Q', 'W', 'I', 'I', 'R', 'L', 'L', 'L', 'I', 'V', 'W', 'W']",0
"['R', 'I', 'W', 'A', 'R', 'L', 'Q', 'G', 'V', 'F', 'R', 'V', 'V', 'F', 'W', 'L']",0
"['R', 'K', 'Q', 'S', 'L', 'E', 'Q', 'D', 'L', 'Q', 'F', 'Y', 'Y', 'G']",0
"['R', 'L', 'D', 'E', 'A', 'E', 'A', 'S', 'A', 'R', 'S', 'G', 'I', 'E', 'V', 'L']",0
"['R', 'L', 'F', 'E', 'Q', 'A', 'S', 'R', 'L', 'A', 'E', 'H', 'Y']",0
"['R', 'L', 'K', 'S', 'G', 'W', 'R', 'D', 'A', 'L', 'K', 'Q', 'I', 'V', 'F', 'F', 'F', 'F', 'L']",0
"['R', 'L', 'L', 'G', 'K', 'W', 'S', 'A', 'I', 'L', 'K', 'N', 'V', 'R', 'F', 'F', 'F', 'F', 'W', 'L']",0
"['R', 'L', 'V', 'V', 'L', 'E', 'A', 'L', 'T', 'N', 'F', 'L', 'N', 'H']",0
"['R', 'L', 'W', 'T', 'Q', 'W', 'Q', 'A', 'I', 'V', 'Q', 'E', 'I', 'R', 'F', 'L', 'W', 'L', 'L', 'L']",0
"['R', 'M', 'D', 'E', 'V', 'R', 'T', 'L', 'Q', 'E', 'N', 'L', 'R', 'Q', 'L', 'Q', 'D', 'E', 'Y', 'D', 'Q', 'Q', 'Q', 'T']",0
"['R', 'N', 'E', 'V', 'V', 'S', 'L', 'M', 'Q', 'A', 'N', 'G']",0
"['R', 'P', 'E', 'D', 'K', 'S', 'K', 'I', 'V', 'A', 'E', 'I', 'R']",0
"['R', 'P', 'E', 'V', 'Q', 'D', 'A', 'L', 'S', 'A', 'E']",0
"['R', 'P', 'Q', 'L', 'R', 'N', 'L', 'L', 'H', 'E', 'K']",0
"['R', 'P', 'R', 'I', 'I', 'A', 'A', 'I', 'W', 'H', 'Y', 'V', 'K', 'A', 'R']",0
"['R', 'R', 'Q', 'E', 'L', 'E', 'E', 'F', 'S', 'A', 'A', 'L', 'A', 'R', 'R']",0
"['R', 'V', 'I', 'E', 'G', 'I', 'K', 'N', 'V', 'I', 'P', 'K', 'L', 'L', 'T', 'W', 'W', 'P']",0
"['R', 'V', 'N', 'A', 'A', 'I', 'P', 'N', 'I', 'I', 'V']",0
"['R', 'V', 'W', 'R', 'W', 'I', 'V', 'K', 'W', 'W', 'L', 'F', 'V']",0
"['R', 'Y', 'G', 'W', 'R', 'T', 'A', 'V', 'D', 'Y', 'S', 'W', 'F', 'G']",0
"['S', 'A', 'A', 'T', 'A', 'D', 'F', 'V', 'A', 'M', 'T', 'A', 'M', 'A', 'A', 'R', 'I', 'F']",0
"['S', 'A', 'A', 'W', 'A', 'E', 'W', 'Q', 'K', 'A', 'R']",0
"['S', 'A', 'E', 'E', 'M', 'V', 'Q', 'T', 'L', 'V', 'N', 'D', 'Y', 'S', 'A', 'L', 'I', 'Q', 'E', 'L', 'K', 'E', 'G', 'M', 'E', 'V', 'A', 'G', 'E', 'A']",0
"['S', 'A', 'N', 'N', 'I', 'I', 'E', 'E', 'I', 'Q', 'M', 'Q', 'K']",0
"['S', 'A', 'S', 'S', 'Q', 'N', 'A', 'W', 'L', 'A', 'A', 'N', 'R', 'N']",0
"['S', 'A', 'V', 'K', 'V', 'L', 'A', 'E', 'E', 'S', 'K']",0
"['S', 'D', 'E', 'F', 'N', 'T', 'V', 'A', 'D', 'N', 'L', 'V', 'T', 'F', 'G', 'D', 'S', 'F', 'L', 'Q', 'V', 'I', 'L', 'D', 'H', 'I']",0
"['S', 'D', 'E', 'L', 'S', 'R', 'A', 'W', 'E', 'V', 'A', 'Y', 'D', 'E', 'L', 'A', 'A', 'A', 'I', 'K']",0
"['S', 'D', 'I', 'F', 'N', 'K', 'N', 'M', 'R', 'A', 'H', 'A', 'L', 'E', 'K']",0
"['S', 'D', 'I', 'K', 'K', 'L', 'G', 'S', 'S', 'W', 'I', 'I', 'N', 'W', 'F', 'F', 'G']",0
"['S', 'D', 'S', 'E', 'I', 'S', 'T', 'I', 'L', 'S', 'D', 'V', 'V', 'T', 'N', 'E', 'R']",0
"['S', 'D', 'W', 'Y', 'L', 'K', 'G', 'R', 'L', 'T', 'S', 'L', 'E', 'S', 'Q', 'F', 'I', 'N', 'A', 'L', 'G', 'I', 'L', 'E', 'T']",0
"['S', 'E', 'A', 'A', 'K', 'A', 'Y', 'M', 'K', 'G', 'L', 'E', 'Y', 'Q', 'M', 'S', 'G', 'N', 'E', 'Q', 'W', 'S', 'K', 'T']",0
"['S', 'E', 'E', 'E', 'E', 'N', 'N', 'V', 'I', 'E', 'Q', 'A', 'K', 'E', 'E', 'I', 'K', 'E', 'A', 'I', 'K', 'K', 'A', 'D', 'E', 'T']",0
"['S', 'E', 'E', 'L', 'N', 'S', 'A', 'W', 'T', 'I', 'A', 'Y', 'D', 'E', 'L', 'A', 'I', 'V', 'I', 'K', 'K', 'E', 'M', 'D', 'D', 'A']",0
"['S', 'E', 'E', 'R', 'I', 'R', 'S', 'G', 'V', 'K', 'R', 'L', 'S', 'K', 'S', 'R', 'Q']",0
"['S', 'E', 'E', 'V', 'L', 'A', 'M', 'V', 'S', 'R', 'K', 'M']",0
"['S', 'E', 'E', 'Y', 'I', 'Q', 'L', 'L', 'K', 'K', 'L', 'I']",0
"['S', 'E', 'R', 'E', 'A', 'V', 'E', 'I', 'I', 'K', 'K', 'N']",0
"['S', 'E', 'S', 'A', 'V', 'S', 'H', 'Q', 'L', 'R', 'S', 'L', 'R', 'N', 'L']",0
"['S', 'E', 'S', 'K', 'L', 'I', 'E', 'Q', 'A', 'F', 'R']",0
"['S', 'F', 'A', 'D', 'F', 'K', 'A', 'Q', 'F', 'T', 'D', 'A', 'A', 'I', 'K', 'N']",0
"['S', 'F', 'D', 'R', 'V', 'M', 'N', 'A', 'I', 'E', 'E', 'N']",0
"['S', 'F', 'S', 'R', 'I', 'I', 'S', 'E', 'L', 'G', 'T', 'R', 'D']",0
"['S', 'G', 'A', 'R', 'R', 'V', 'R', 'I', 'A', 'Q', 'T', 'L', 'T', 'E', 'N']",0
"['S', 'G', 'D', 'E', 'L', 'Y', 'E', 'L', 'L', 'Q', 'H', 'I', 'L', 'K', 'Q', 'R', 'D', 'H', 'H', 'H', 'H', 'H']",0
"['S', 'G', 'P', 'A', 'Y', 'V', 'F', 'Y', 'L', 'L', 'D', 'A', 'L', 'Q', 'N', 'A', 'A', 'I', 'R', 'Q']",0
"['S', 'G', 'R', 'F', 'W', 'K', 'L', 'Y', 'I', 'E', 'A', 'E', 'I', 'K', 'A']",0
"['S', 'G', 'T', 'I', 'K', 'A', 'A', 'H', 'E', 'V', 'L', 'M', 'E', 'M', 'G']",0
"['S', 'H', 'A', 'Q', 'D', 'I', 'Y', 'K', 'E', 'A', 'F', 'N', 'S', 'A', 'W', 'D', 'Q', 'Y']",0
"['S', 'I', 'D', 'E', 'K', 'Y', 'E', 'A', 'E', 'V', 'K', 'K', 'S', 'E', 'I', 'D', 'H', 'H', 'K']",0
"['S', 'I', 'E', 'R', 'L', 'L', 'E', 'M', 'E', 'S', 'L']",0
"['S', 'I', 'P', 'H', 'L', 'A', 'N', 'L', 'L', 'I', 'E', 'R', 'S', 'Q']",0
"['S', 'I', 'S', 'R', 'Y', 'K', 'T', 'I', 'E', 'W', 'L', 'N', 'Y', 'I', 'A', 'T', 'E', 'L']",0
"['S', 'K', 'D', 'A', 'L', 'M', 'L', 'E', 'A', 'F', 'E', 'Q', 'L', 'L', 'G', 'K', 'R', 'R', 'E', 'L', 'L', 'G', 'E']",0
"['S', 'K', 'D', 'L', 'A', 'Q', 'T', 'S', 'Y', 'F', 'M', 'A', 'T', 'N', 'S', 'L', 'H', 'L', 'T']",0
"['S', 'K', 'E', 'D', 'I', 'D', 'T', 'A', 'M', 'K', 'L', 'G', 'A', 'G']",0
"['S', 'K', 'E', 'D', 'V', 'E', 'R', 'V', 'K', 'L', 'R', 'I', 'N', 'L', 'A', 'R', 'N', 'W', 'V', 'K', 'K', 'Y']",0
"['S', 'K', 'E', 'E', 'Q', 'R', 'D', 'Y', 'V', 'F', 'Y', 'L', 'A', 'V', 'G', 'N', 'Y', 'R', 'L']",0
"['S', 'K', 'I', 'Q', 'K', 'E', 'L', 'V', 'A', 'I', 'M', 'N']",0
"['S', 'K', 'P', 'I', 'Q', 'N', 'V', 'E', 'S', 'G', 'F', 'I', 'F', 'A', 'L', 'V', 'S']",0
"['S', 'K', 'Y', 'L', 'K', 'S', 'L', 'L', 'S', 'L', 'M']",0
"['S', 'K', 'Y', 'R', 'L', 'T', 'V', 'V', 'V', 'A', 'K', 'R', 'A', 'Q', 'Q', 'L', 'L', 'R', 'H']",0
"['S', 'L', 'A', 'E', 'A', 'L', 'G', 'W', 'L', 'F', 'V', 'S', 'E', 'G', 'S']",0
"['S', 'L', 'E', 'Q', 'Q', 'F', 'S', 'I', 'R', 'S', 'F', 'A', 'T', 'Q', 'V', 'Q', 'N', 'M']",0
"['S', 'L', 'E', 'S', 'L', 'I', 'D', 'M', 'I', 'T', 'S', 'I']",0
"['S', 'L', 'K', 'D', 'Q', 'L', 'A', 'L', 'A', 'I', 'G', 'K', 'L', 'G']",0
"['S', 'L', 'L', 'P', 'T', 'L', 'S', 'A', 'I', 'A', 'E', 'L']",0
"['S', 'L', 'P', 'E', 'M', 'F', 'D', 'K', 'M', 'R', 'P', 'Y', 'Y', 'E', 'E', 'S', 'K', 'K', 'R', 'V', 'K', 'E']",0
"['S', 'M', 'D', 'H', 'R', 'I', 'E', 'R', 'L', 'E', 'Y', 'Y', 'I', 'Q', 'L', 'L', 'V', 'K']",0
"['S', 'N', 'E', 'Q', 'R', 'Q', 'D', 'I', 'A', 'F', 'A', 'Y', 'Q', 'R', 'R', 'T', 'K']",0
"['S', 'N', 'E', 'V', 'M', 'R', 'I', 'L', 'I', 'S', 'R', 'S', 'L', 'L', 'Q', 'E']",0
"['S', 'N', 'T', 'E', 'L', 'Q', 'A', 'V', 'D', 'G', 'R', 'F', 'K', 'R', 'A', 'V', 'A', 'S', 'M', 'E', 'A', 'A', 'R', 'A', 'L', 'T', 'N', 'N']",0
"['S', 'P', 'A', 'E', 'V', 'R', 'D', 'L', 'D', 'F', 'A', 'N', 'D', 'A', 'S', 'K', 'V', 'L', 'G', 'S', 'I', 'A', 'G', 'K', 'L', 'E', 'K']",0
"['S', 'P', 'A', 'Q', 'A', 'E', 'A', 'L', 'G', 'V', 'W', 'R', 'R', 'Y', 'R', 'A', 'Y', 'F', 'D', 'A']",0
"['S', 'P', 'A', 'V', 'I', 'D', 'Y', 'V', 'N', 'R', 'L', 'E', 'E', 'I', 'R', 'D', 'N', 'V']",0
"['S', 'P', 'A', 'V', 'Q', 'M', 'K', 'I', 'K', 'E', 'L', 'Y', 'R', 'R', 'R']",0
"['S', 'P', 'E', 'E', 'A', 'A', 'A', 'L', 'V', 'D', 'G', 'L', 'R']",0
"['S', 'P', 'E', 'E', 'K', 'E', 'E', 'W', 'M', 'K', 'S', 'I', 'K', 'A', 'S', 'I', 'S', 'R']",0
"['S', 'P', 'E', 'H', 'R', 'Q', 'E', 'L', 'I', 'E', 'R']",0
"['S', 'P', 'E', 'I', 'A', 'S', 'G', 'L', 'K', 'K', 'L', 'I', 'R', 'E']",0
"['S', 'P', 'E', 'Q', 'M', 'Q', 'V', 'L', 'L', 'D', 'Q', 'A', 'G']",0
"['S', 'P', 'E', 'V', 'V', 'V', 'A', 'R', 'G', 'E', 'Q', 'E']",0
"['S', 'P', 'K', 'E', 'A', 'Y', 'A', 'Y', 'L', 'E', 'K', 'L', 'R', 'S', 'I', 'I', 'Q', 'Y', 'T', 'G']",0
"['S', 'P', 'K', 'E', 'S', 'E', 'V', 'L', 'R', 'L', 'F', 'A', 'E', 'G']",0
"['S', 'P', 'K', 'S', 'T', 'Y', 'S', 'Y', 'W', 'A', 'S', 'V', 'L', 'N']",0
"['S', 'P', 'S', 'K', 'S', 'L', 'Q', 'M', 'I', 'L', 'R', 'R', 'A', 'L', 'G', 'D', 'F', 'E', 'N', 'M', 'L', 'A', 'D']",0
"['S', 'P', 'V', 'V', 'I', 'K', 'K', 'R', 'I', 'E', 'G', 'L', 'I', 'E', 'R']",0
"['S', 'Q', 'E', 'S', 'I', 'N', 'Q', 'L', 'V', 'Y', 'M', 'G']",0
"['S', 'Q', 'R', 'Q', 'R', 'D', 'E', 'L', 'N', 'R', 'A', 'I', 'A', 'D', 'Y', 'L', 'R', 'S', 'N']",0
"['S', 'R', 'A', 'I', 'T', 'Q', 'Y', 'I', 'A', 'H', 'R']",0
"['S', 'R', 'A', 'K', 'A', 'S', 'F', 'D', 'T', 'R', 'V', 'A', 'A', 'A', 'E', 'L', 'A', 'L', 'N', 'R']",0
"['S', 'R', 'D', 'L', 'Q', 'E', 'K', 'Y', 'E', 'R', 'H', 'M', 'E', 'K', 'L', 'I', 'E', 'L', 'A', 'N', 'K', 'E', 'V', 'E', 'R', 'T']",0
"['S', 'R', 'K', 'A', 'L', 'T', 'E', 'G', 'N', 'I', 'M', 'A', 'V', 'Q', 'A', 'M', 'A', 'Y', 'F', 'K', 'E', 'L', 'I', 'Q', 'K', 'R', 'K', 'R', 'H']",0
"['S', 'R', 'P', 'L', 'H', 'I', 'S', 'T', 'F', 'I', 'N', 'E', 'L', 'D', 'S', 'G', 'F', 'R', 'L', 'L']",0
"['S', 'R', 'W', 'G', 'V', 'L', 'I', 'L', 'V', 'A', 'L']",0
"['S', 'S', 'A', 'V', 'S', 'R', 'I', 'I', 'S', 'K', 'L', 'K', 'Q']",0
"['S', 'S', 'Q', 'N', 'W', 'Q', 'R', 'F', 'Y', 'Q', 'L', 'T', 'K', 'L', 'L', 'D', 'S', 'M', 'H', 'E', 'V', 'V', 'E', 'N', 'L', 'L']",0
"['S', 'S', 'R', 'E', 'W', 'F', 'S', 'T', 'L', 'Y', 'R', 'L', 'F', 'I', 'G']",0
"['S', 'T', 'A', 'T', 'F', 'Y', 'D', 'A', 'K', 'K', 'F', 'L', 'I', 'Q', 'E']",0
"['S', 'T', 'E', 'V', 'V', 'A', 'L', 'S', 'R', 'L', 'Q', 'G', 'S', 'L', 'Q', 'D', 'M', 'L', 'W', 'Q', 'L', 'D', 'L', 'S']",0
"['S', 'T', 'L', 'V', 'Q', 'T', 'P', 'A', 'L', 'R', 'A', 'V', 'G', 'N', 'I', 'V']",0
"['S', 'T', 'L', 'V', 'S', 'V', 'A', 'V', 'A', 'L', 'A', 'A', 'Y', 'K', 'T', 'G']",0
"['S', 'V', 'A', 'D', 'H', 'S', 'Y', 'R', 'V', 'A', 'F', 'I', 'T', 'L', 'L', 'L', 'A', 'E', 'E', 'L', 'K', 'K', 'K']",0
"['S', 'V', 'E', 'G', 'L', 'Q', 'E', 'F', 'V', 'K', 'N', 'L', 'V', 'G', 'Y', 'Y', 'I']",0
"['S', 'V', 'E', 'K', 'K', 'V', 'P', 'L', 'L', 'H', 'N', 'F', 'H', 'S', 'F', 'L']",0
"['S', 'V', 'E', 'V', 'A', 'E', 'L', 'W', 'S', 'T', 'F', 'M', 'Q', 'K', 'W', 'I', 'A', 'Y', 'T', 'A', 'A', 'V', 'I', 'D', 'A', 'E', 'R', 'D', 'R']",0
"['S', 'V', 'L', 'E', 'N', 'H', 'H', 'L', 'A', 'V', 'G', 'F', 'K', 'L']",0
"['S', 'V', 'N', 'S', 'E', 'I', 'Y', 'Q', 'R', 'V', 'M', 'E', 'S', 'F', 'K', 'K', 'E', 'G']",0
"['S', 'V', 'P', 'Y', 'F', 'I', 'E', 'N', 'L', 'K', 'Q', 'H', 'I', 'E', 'M', 'N']",0
"['S', 'V', 'R', 'K', 'V', 'F', 'H', 'L', 'V', 'R', 'I', 'K', 'Q', 'V', 'A', 'W', 'A', 'N', 'E', 'G']",0
"['S', 'V', 'S', 'R', 'A', 'A', 'I', 'T', 'A', 'A', 'Y']",0
"['S', 'V', 'S', 'S', 'I', 'K', 'Q', 'A', 'V', 'D', 'F', 'L', 'S', 'N', 'E']",0
"['S', 'V', 'T', 'E', 'L', 'I', 'T', 'K', 'A', 'V', 'S', 'A']",0
"['S', 'V', 'T', 'K', 'I', 'L', 'Q', 'R', 'F', 'E', 'D', 'A', 'G', 'G']",0
"['S', 'V', 'W', 'A', 'S', 'I', 'S', 'S', 'Y', 'L', 'D', 'E', 'L', 'T', 'E', 'G', 'L']",0
"['S', 'W', 'Q', 'S', 'L', 'K', 'D', 'R', 'Y', 'L', 'K', 'H', 'L']",0
"['S', 'Y', 'K', 'D', 'L', 'F', 'L', 'E', 'L', 'Y', 'G', 'K', 'I', 'K', 'D']",0
"['T', 'A', 'A', 'Q', 'E', 'L', 'M', 'I', 'Q', 'Q', 'L', 'V', 'A', 'A', 'Q', 'L', 'Q']",0
"['T', 'A', 'E', 'Q', 'R', 'R', 'E', 'M', 'L', 'E', 'A', 'K', 'R', 'K', 'Q', 'I', 'I', 'N', 'F', 'I', 'S', 'R', 'N']",0
"['T', 'A', 'E', 'S', 'F', 'Y', 'N', 'Q', 'G', 'I', 'R', 'L', 'S', 'F', 'E', 'Q', 'W', 'G']",0
"['T', 'A', 'H', 'E', 'A', 'V', 'L', 'D', 'F', 'L', 'T', 'G', 'R', 'V', 'E', 'V', 'F', 'T']",0
"['T', 'A', 'K', 'Q', 'I', 'Q', 'A', 'A', 'Y', 'L', 'L', 'V', 'E', 'N', 'E', 'L', 'M']",0
"['T', 'A', 'P', 'E', 'M', 'T', 'A', 'L', 'V', 'G', 'G', 'M', 'R', 'V', 'L', 'G']",0
"['T', 'D', 'A', 'E', 'A', 'K', 'Q', 'L', 'A', 'Q', 'W', 'I', 'L', 'S']",0
"['T', 'D', 'K', 'Q', 'F', 'E', 'N', 'R', 'L', 'N', 'D', 'N', 'L', 'E', 'E', 'L', 'I', 'Q']",0
"['T', 'D', 'L', 'E', 'I', 'L', 'A', 'L', 'L', 'I', 'A', 'A', 'L', 'S', 'H']",0
"['T', 'D', 'Q', 'Q', 'K', 'V', 'S', 'E', 'I', 'F', 'Q', 'S', 'S', 'K', 'E', 'K', 'L', 'Q', 'G', 'D', 'A', 'K', 'V', 'V', 'S', 'D', 'A', 'F', 'K']",0
"['T', 'E', 'A', 'K', 'K', 'E', 'E', 'L', 'L', 'R', 'K', 'L', 'N', 'I', 'L', 'E', 'V', 'F']",0
"['T', 'E', 'E', 'E', 'M', 'L', 'Q', 'A', 'A', 'H', 'I', 'T', 'A', 'K', 'L', 'A', 'Q', 'A', 'A', 'E', 'T']",0
"['T', 'E', 'K', 'G', 'K', 'E', 'I', 'F', 'G', 'E', 'I', 'L', 'S', 'N', 'F', 'E', 'S', 'L', 'L', 'K', 'S', 'V', 'L', 'E', 'K']",0
"['T', 'E', 'Q', 'D', 'I', 'I', 'D', 'L', 'K', 'F', 'A', 'I', 'A', 'D']",0
"['T', 'E', 'Q', 'N', 'F', 'Q', 'L', 'A', 'K', 'Q', 'I', 'Q', 'S', 'Q', 'W', 'K', 'E', 'F', 'G']",0
"['T', 'E', 'R', 'E', 'Q', 'A', 'L', 'A', 'A', 'Y', 'A', 'E', 'K', 'L', 'T', 'R', 'H']",0
"['T', 'E', 'S', 'M', 'K', 'T', 'V', 'R', 'I', 'R', 'E', 'K', 'I', 'K', 'K', 'F', 'L']",0
"['T', 'E', 'T', 'Q', 'I', 'R', 'E', 'L', 'L', 'F', 'D', 'L', 'E', 'L', 'A', 'Y', 'K', 'S', 'F', 'Y', 'A', 'L', 'L']",0
"['T', 'E', 'V', 'Y', 'Q', 'I', 'L', 'N', 'R', 'V', 'S']",0
"['T', 'F', 'P', 'D', 'K', 'A', 'L', 'K', 'G', 'K', 'K', 'S', 'I', 'E', 'N', 'I', 'V', 'V']",0
"['T', 'F', 'P', 'E', 'W', 'H', 'R', 'L', 'Y', 'T', 'V', 'Q', 'F', 'E', 'D', 'A', 'L', 'R', 'R', 'H']",0
"['T', 'F', 'P', 'N', 'W', 'H', 'R', 'L', 'L', 'T', 'K', 'Q', 'M', 'E', 'D', 'A', 'L', 'V', 'A', 'K']",0
"['T', 'F', 'S', 'Q', 'V', 'L', 'D', 'D', 'L', 'S', 'A', 'R', 'F', 'I']",0
"['T', 'G', 'A', 'L', 'R', 'T', 'Q', 'Y', 'D', 'V', 'S', 'L', 'M', 'T', 'V', 'K', 'S']",0
"['T', 'H', 'A', 'E', 'M', 'L', 'H', 'A', 'L', 'K', 'E', 'R', 'Y']",0
"['T', 'H', 'N', 'K', 'L', 'L', 'K', 'N', 'V', 'A', 'F', 'M', 'K', 'S', 'Y', 'I', 'L', 'E', 'K', 'V', 'K', 'E', 'H', 'Q', 'E', 'S']",0
"['T', 'I', 'E', 'E', 'F', 'H', 'S', 'K', 'L', 'Q', 'E', 'A', 'T', 'N']",0
"['T', 'I', 'Q', 'S', 'R', 'F', 'N', 'Y', 'A', 'W', 'G', 'L', 'I', 'K', 'S']",0
"['T', 'I', 'S', 'L', 'G', 'V', 'S', 'I', 'A', 'H', 'V', 'M', 'E', 'A', 'V', 'E']",0
"['T', 'I', 'T', 'E', 'M', 'V', 'F', 'L', 'A', 'E', 'V', 'Y', 'K', 'S', 'G', 'G']",0
"['T', 'I', 'V', 'E', 'L', 'V', 'V', 'R', 'V', 'W', 'R', 'W', 'F', 'L', 'V', 'I', 'W', 'V', 'L', 'W']",0
"['T', 'K', 'D', 'E', 'F', 'M', 'S', 'G', 'E', 'P', 'I', 'F', 'T', 'K', 'Y', 'F', 'Q', 'N', 'L', 'V']",0
"['T', 'K', 'D', 'E', 'Q', 'V', 'E', 'G', 'L', 'L', 'A']",0
"['T', 'K', 'G', 'E', 'R', 'E', 'M', 'I', 'V', 'V', 'A', 'T', 'S', 'A', 'A', 'N']",0
"['T', 'K', 'I', 'W', 'L', 'N', 'A', 'A', 'R', 'R', 'T', 'G', 'K', 'V', 'P', 'A', 'R', 'I', 'R', 'K', 'L']",0
"['T', 'L', 'D', 'Q', 'M', 'R', 'S', 'R', 'L', 'A', 'Y', 'D', 'G']",0
"['T', 'L', 'E', 'D', 'Y', 'V', 'R', 'Y', 'V', 'T', 'L', 'D', 'M']",0
"['T', 'L', 'I', 'R', 'E', 'W', 'G', 'D', 'A', 'V', 'F', 'D', 'I', 'F']",0
"['T', 'M', 'E', 'G', 'K', 'F', 'K', 'A', 'V', 'A', 'E', 'D', 'V', 'A', 'Q', 'R', 'Y', 'M', 'T']",0
"['T', 'M', 'V', 'Q', 'A', 'I', 'T', 'D', 'A', 'L', 'R', 'I', 'E', 'L', 'K', 'N', 'D']",0
"['T', 'N', 'D', 'E', 'I', 'F', 'S', 'I', 'L', 'K', 'D']",0
"['T', 'P', 'A', 'K', 'A', 'L', 'K', 'S', 'A', 'I', 'H', 'V', 'A', 'Y', 'I', 'L', 'K', 'K']",0
"['T', 'P', 'D', 'Q', 'Q', 'T', 'L', 'L', 'H', 'F', 'I', 'M', 'D', 'S', 'Y', 'N']",0
"['T', 'P', 'E', 'E', 'V', 'K', 'K', 'H', 'Y', 'E', 'I', 'L', 'V', 'E', 'D', 'I', 'K', 'Y', 'I', 'E', 'S', 'G']",0
"['T', 'P', 'E', 'E', 'Y', 'Q', 'T', 'Y', 'V', 'A', 'Q', 'V', 'D', 'K']",0
"['T', 'P', 'E', 'K', 'M', 'G', 'E', 'M', 'A', 'Q', 'K', 'F', 'R', 'E']",0
"['T', 'P', 'E', 'K', 'R', 'V', 'D', 'R', 'I', 'F', 'A', 'M', 'M', 'D']",0
"['T', 'P', 'E', 'R', 'L', 'E', 'K', 'L', 'V', 'K', 'E', 'V', 'L']",0
"['T', 'P', 'E', 'T', 'I', 'T', 'H', 'Y', 'L', 'E', 'T', 'V', 'N', 'H', 'A', 'M']",0
"['T', 'P', 'E', 'V', 'V', 'K', 'E', 'R', 'L', 'L', 'S']",0
"['T', 'P', 'L', 'G', 'I', 'G', 'I', 'T', 'D', 'Y', 'Y', 'I', 'R']",0
"['T', 'P', 'Q', 'D', 'I', 'A', 'D', 'R', 'E', 'R', 'I', 'F', 'K', 'R', 'F', 'D']",0
"['T', 'P', 'S', 'D', 'I', 'K', 'E', 'L', 'R', 'D', 'A', 'M', 'A', 'K', 'V', 'Q', 'A', 'D']",0
"['T', 'P', 'V', 'Y', 'R', 'T', 'A', 'I', 'R', 'Y', 'Y', 'L', 'Q', 'M', 'L', 'F']",0
"['T', 'P', 'W', 'S', 'K', 'G', 'F', 'L', 'A', 'S', 'S', 'Y', 'A', 'S', 'R']",0
"['T', 'P', 'Y', 'D', 'A', 'K', 'G', 'L', 'L', 'I', 'S', 'A', 'I', 'R', 'D']",0
"['T', 'Q', 'A', 'Q', 'E', 'T', 'Q', 'G', 'Q', 'A', 'A', 'A', 'R', 'A', 'A', 'A', 'A', 'D', 'L', 'A', 'A', 'G']",0
"['T', 'Q', 'D', 'L', 'R', 'S', 'H', 'L', 'V', 'H', 'K', 'L', 'V', 'Q', 'A', 'I', 'F']",0
"['T', 'Q', 'G', 'L', 'L', 'S', 'E', 'I', 'L', 'R', 'K']",0
"['T', 'Q', 'G', 'M', 'Q', 'N', 'A', 'M', 'G', 'E', 'R', 'F', 'A', 'Q', 'Y', 'A', 'L', 'S', 'S', 'E', 'K', 'L', 'Y']",0
"['T', 'Q', 'S', 'D', 'V', 'Y', 'A', 'M', 'V', 'G', 'Y', 'I', 'H', 'E', 'L', 'W']",0
"['T', 'R', 'E', 'L', 'A', 'Y', 'M', 'I', 'K', 'K', 'A']",0
"['T', 'R', 'T', 'Q', 'R', 'R', 'I', 'A', 'V', 'V', 'E', 'F', 'I', 'F', 'S', 'L', 'L']",0
"['T', 'S', 'A', 'Q', 'T', 'K', 'V', 'V', 'V', 'D', 'A']",0
"['T', 'S', 'F', 'D', 'E', 'Y', 'V', 'A', 'E', 'L', 'D', 'S', 'K']",0
"['T', 'S', 'H', 'L', 'M', 'G', 'M', 'F', 'Y', 'R', 'T', 'I', 'R', 'M', 'M', 'E', 'N']",0
"['T', 'T', 'D', 'E', 'I', 'N', 'A', 'M', 'D', 'K', 'A', 'L', 'I', 'L', 'Y', 'T']",0
"['T', 'T', 'G', 'N', 'F', 'E', 'K', 'L', 'F', 'V', 'A', 'L', 'V', 'E', 'Y', 'M', 'R', 'A', 'S']",0
"['T', 'V', 'E', 'E', 'V', 'N', 'A', 'L', 'K', 'N', 'E', 'I', 'L', 'K', 'A', 'H', 'A']",0
"['T', 'V', 'F', 'G', 'T', 'A', 'L', 'N', 'Y', 'V', 'S', 'L', 'R', 'I', 'L']",0
"['T', 'V', 'L', 'A', 'A', 'L', 'F', 'L', 'A', 'G', 'S']",0
"['T', 'Y', 'Y', 'A', 'K', 'D', 'I', 'A', 'F', 'Q', 'F', 'W', 'K', 'M']",0
"['V', 'A', 'D', 'I', 'A', 'K', 'L', 'K', 'V', 'N', 'I', 'I', 'K', 'N', 'V', 'R', 'I', 'I']",0
"['V', 'A', 'D', 'P', 'V', 'A', 'A', 'F', 'K', 'W', 'R', 'A', 'Q']",0
"['V', 'D', 'D', 'N', 'L', 'Y', 'P', 'Q', 'L', 'E', 'R', 'A', 'S', 'R', 'K', 'I', 'F', 'E', 'F', 'L', 'E', 'R', 'E']",0
"['V', 'E', 'A', 'I', 'E', 'A', 'L', 'L', 'K', 'G', 'N']",0
"['V', 'F', 'W', 'P', 'T', 'M', 'L', 'K', 'A', 'A', 'G']",0
"['V', 'G', 'V', 'L', 'L', 'Q', 'L', 'L', 'V', 'Q', 'A']",0
"['V', 'G', 'Y', 'E', 'T', 'A', 'A', 'K', 'L', 'A', 'R', 'E', 'A', 'Y', 'L', 'T', 'G']",0
"['V', 'H', 'V', 'L', 'A', 'D', 'A', 'F', 'K', 'R', 'Y', 'L', 'L', 'D']",0
"['V', 'I', 'D', 'P', 'L', 'H', 'T', 'H', 'L', 'T', 'R', 'L', 'V', 'A', 'A', 'Y', 'T', 'G']",0
"['V', 'K', 'Y', 'A', 'V', 'F', 'E', 'A', 'A', 'L', 'T', 'K', 'A', 'I', 'T', 'A', 'M', 'S', 'E', 'V', 'Q', 'K', 'V', 'S', 'Q']",0
"['V', 'L', 'S', 'F', 'K', 'T', 'G', 'I', 'I', 'S', 'L']",0
"['V', 'M', 'E', 'L', 'L', 'T', 'K', 'T', 'L', 'G', 'W', 'D', 'I', 'Q', 'E', 'E', 'L', 'N', 'K', 'L', 'T']",0
"['V', 'M', 'G', 'Q', 'N', 'L', 'I', 'L', 'N', 'M', 'N', 'D']",0
"['V', 'M', 'P', 'S', 'L', 'L', 'Q', 'A', 'F', 'D', 'L', 'T', 'A']",0
"['V', 'M', 'Q', 'W', 'V', 'I', 'R', 'I', 'L', 'G', 'G', 'G', 'L', 'Q', 'K', 'A', 'L']",0
"['V', 'N', 'F', 'L', 'V', 'A', 'D', 'A', 'L', 'K', 'Q', 'H', 'R', 'H', 'R', 'R', 'D', 'D', 'V', 'I', 'V', 'M', 'L', 'S', 'A', 'R']",0
"['V', 'N', 'Q', 'F', 'L', 'D', 'Y', 'L', 'Q', 'E', 'F', 'L', 'G', 'V', 'M', 'N', 'T']",0
"['V', 'P', 'M', 'Q', 'R', 'V', 'L', 'K', 'Y', 'H', 'L', 'L', 'L', 'Q', 'E', 'L', 'V', 'K']",0
"['V', 'Q', 'E', 'V', 'N', 'R', 'F', 'I', 'K', 'A', 'F', 'E', 'E', 'M', 'K', 'A', 'L', 'M', 'K', 'S', 'L']",0
"['V', 'S', 'D', 'A', 'R', 'S', 'A', 'I', 'T', 'S', 'A', 'Q', 'E', 'L', 'L', 'D', 'S']",0
"['V', 'W', 'H', 'Y', 'A', 'L', 'W', 'S', 'L', 'I', 'Q', 'Q', 'S', 'E', 'I', 'L', 'F', 'A', 'Q']",0
"['V', 'Y', 'G', 'P', 'F', 'W', 'K', 'N', 'W', 'Q', 'A', 'Q']",0
"['W', 'A', 'T', 'L', 'L', 'A', 'Q', 'W', 'A', 'D', 'R', 'A', 'L']",0
"['W', 'D', 'D', 'I', 'R', 'N', 'D', 'L', 'F', 'R', 'I', 'Q', 'N', 'D', 'L', 'F', 'V', 'L', 'G', 'E', 'D', 'V', 'S', 'T']",0
"['Y', 'A', 'K', 'G', 'A', 'L', 'Q', 'Y', 'L', 'V', 'P', 'I', 'L', 'T', 'Q', 'T', 'L', 'T']",0
"['Y', 'D', 'D', 'I', 'I', 'E', 'A', 'A', 'G', 'E', 'L', 'G']",0
"['Y', 'D', 'L', 'L', 'K', 'D', 'L', 'E', 'E', 'G', 'I', 'Q', 'T', 'L', 'M', 'G', 'R', 'L']",0
"['Y', 'E', 'D', 'K', 'A', 'V', 'E', 'L', 'Y', 'S', 'R', 'T', 'A', 'R']",0
"['Y', 'E', 'T', 'L', 'E', 'F', 'L', 'G', 'D', 'A', 'L', 'V', 'N', 'F', 'F', 'I', 'V', 'D', 'L', 'L', 'V', 'Q', 'Y', 'S']",0
"['Y', 'F', 'S', 'K', 'G', 'I', 'P', 'N', 'V', 'L', 'R', 'R']",0
"['Y', 'G', 'S', 'I', 'G', 'L', 'T', 'N', 'F', 'G', 'Y', 'L', 'D', 'K', 'E']",0
"['Y', 'K', 'E', 'P', 'L', 'K', 'A', 'V', 'V', 'K', 'K', 'L', 'L', 'E', 'K', 'E']",0
"['Y', 'K', 'K', 'F', 'R', 'Q', 'L', 'I', 'Q', 'V', 'N']",0
"['Y', 'L', 'A', 'D', 'L', 'F', 'L', 'A', 'P', 'Q', 'I', 'H', 'G', 'A', 'I', 'N', 'R', 'F', 'Q']",0
"['Y', 'L', 'D', 'K', 'E', 'V', 'K', 'L', 'I', 'K', 'K', 'M', 'G', 'N', 'H', 'L', 'T', 'N', 'L', 'R', 'R', 'V', 'A']",0
"['Y', 'L', 'S', 'E', 'S', 'V', 'E', 'T', 'I', 'K', 'K', 'L', 'G', 'D', 'H', 'I', 'T', 'S', 'L', 'K', 'K', 'L', 'W']",0
"['Y', 'P', 'I', 'V', 'D', 'A', 'A', 'M', 'R', 'Q', 'L', 'T', 'E', 'T', 'G']",0
"['Y', 'Q', 'N', 'I', 'V', 'K', 'A', 'V', 'Q', 'Y', 'A', 'A', 'R', 'K', 'L', 'Q']",0
"['Y', 'Q', 'Q', 'Q', 'K', 'K', 'Y', 'L', 'G', 'R', 'M', 'T', 'E']",0
